"Time","condition","n","mean","median","sd","sem","mean_CI_lo","mean_CI_hi"
0.36,"2018-10-30_PC3_WT-TG",38,0.59421052631579,0.525,0.144944193901175,0.0235130531193014,0.546568555302658,0.641852497328921
0.53,"2018-10-30_PC3+ORAI1mCh-TG",69,0.607391304347826,0.55,0.290646602543936,0.0349897391937322,0.5375703668679,0.677212241827752
5.36,"2018-10-30_PC3_WT-TG",38,0.466578947368421,0.45,0.0456944207245098,0.00741261386767694,0.451559565018389,0.481598329718453
5.53,"2018-10-30_PC3+ORAI1mCh-TG",69,0.580869565217391,0.54,0.173982243265993,0.0209450007773523,0.539074466897411,0.622664663537372
10.36,"2018-10-30_PC3_WT-TG",38,0.524210526315789,0.48,0.0962999699404227,0.0156219179785851,0.492557513849521,0.555863538782058
10.53,"2018-10-30_PC3+ORAI1mCh-TG",69,0.578550724637681,0.55,0.160177065281251,0.0192830526486584,0.540071992174157,0.617029457101205
15.36,"2018-10-30_PC3_WT-TG",38,0.562631578947368,0.5,0.123522275275885,0.0200379590365593,0.522030817373006,0.603232340521731
15.53,"2018-10-30_PC3+ORAI1mCh-TG",69,0.572463768115942,0.52,0.191782703301399,0.0230879243440339,0.52639253239622,0.618535003835664
20.36,"2018-10-30_PC3_WT-TG",38,0.584473684210526,0.525,0.138811506813728,0.0225181999046254,0.538847477282791,0.630099891138261
20.53,"2018-10-30_PC3+ORAI1mCh-TG",69,0.591594202898551,0.53,0.199761793352849,0.0240484939067259,0.543606180459999,0.639582225337102
25.36,"2018-10-30_PC3_WT-TG",38,0.451315789473684,0.45,0.0230359358079735,0.00373692224384648,0.443744065788277,0.458887513159092
25.53,"2018-10-30_PC3+ORAI1mCh-TG",69,0.618405797101449,0.56,0.208359299319609,0.0250835119969442,0.568352428220399,0.668459165982499
30.36,"2018-10-30_PC3_WT-TG",38,0.454210526315789,0.45,0.0223765778785171,0.00362996026349623,0.446855528188798,0.461565524442781
30.53,"2018-10-30_PC3+ORAI1mCh-TG",69,0.616666666666667,0.53,0.22950500870266,0.0276291562601266,0.561533543747964,0.67179978958537
35.36,"2018-10-30_PC3_WT-TG",38,0.526578947368421,0.52,0.0469200767141532,0.00761144152413433,0.511156701919433,0.542001192817409
35.53,"2018-10-30_PC3+ORAI1mCh-TG",69,0.63536231884058,0.56,0.217090247634649,0.0261345946580981,0.583211547164832,0.687513090516327
40.36,"2018-10-30_PC3_WT-TG",38,0.464210526315789,0.46,0.0243434411997407,0.0039490276266351,0.456209036302408,0.472212016329171
40.53,"2018-10-30_PC3+ORAI1mCh-TG",69,0.623333333333333,0.56,0.176757283456445,0.0212790763580272,0.580871597571367,0.6657950690953
45.36,"2018-10-30_PC3_WT-TG",38,0.455526315789474,0.46,0.022624713636659,0.00367021319881537,0.448089757468324,0.462962874110623
45.53,"2018-10-30_PC3+ORAI1mCh-TG",69,0.623478260869565,0.56,0.16644930412588,0.0200381414727267,0.583492772117143,0.663463749621987
50.36,"2018-10-30_PC3_WT-TG",38,0.491578947368421,0.49,0.0317529582183893,0.00515101000729284,0.481142009714657,0.502015885022185
50.53,"2018-10-30_PC3+ORAI1mCh-TG",69,0.629565217391304,0.57,0.159562220784841,0.0192090340694429,0.591234186702954,0.667896248079655
55.36,"2018-10-30_PC3_WT-TG",38,0.464210526315789,0.46,0.0247835580792358,0.00402042401229043,0.456064373483905,0.472356679147674
55.53,"2018-10-30_PC3+ORAI1mCh-TG",69,0.621739130434783,0.56,0.157246121449775,0.0189302084751597,0.583964487557112,0.659513773312454
60.36,"2018-10-30_PC3_WT-TG",38,0.452105263157895,0.45,0.0219530081343103,0.003561248177643,0.444889488941378,0.459321037374411
60.53,"2018-10-30_PC3+ORAI1mCh-TG",69,0.61695652173913,0.56,0.158729369644448,0.0191087705744133,0.578825563740068,0.655087479738193
65.36,"2018-10-30_PC3_WT-TG",38,0.446578947368421,0.44,0.0217201259004705,0.00352346969071341,0.439439719637386,0.453718175099456
65.53,"2018-10-30_PC3+ORAI1mCh-TG",69,0.633768115942029,0.54,0.261866049330543,0.0315249677428575,0.570861022246829,0.696675209637229
70.36,"2018-10-30_PC3_WT-TG",38,0.467368421052632,0.465,0.0235594946174304,0.00382185469796212,0.459624607868828,0.475112234236435
70.53,"2018-10-30_PC3+ORAI1mCh-TG",69,0.628985507246377,0.56,0.179567658292128,0.0216174057301117,0.585848645733825,0.672122368758928
75.36,"2018-10-30_PC3_WT-TG",38,0.454210526315789,0.45,0.0235534560438038,0.0038208751119668,0.446468697961747,0.461952354669832
75.53,"2018-10-30_PC3+ORAI1mCh-TG",69,0.602028985507246,0.55,0.13907868816043,0.0167431065202431,0.568618636630481,0.635439334384012
80.36,"2018-10-30_PC3_WT-TG",38,0.456315789473684,0.455,0.0218621050186475,0.00354650174503497,0.449129894367775,0.463501684579594
80.53,"2018-10-30_PC3+ORAI1mCh-TG",69,0.585217391304348,0.54,0.128367678445804,0.0154536524783378,0.554380107906711,0.616054674701985
85.36,"2018-10-30_PC3_WT-TG",38,0.469736842105263,0.47,0.0258359525431565,0.00419114493781778,0.461244775820794,0.478228908389732
85.53,"2018-10-30_PC3+ORAI1mCh-TG",69,0.597826086956522,0.55,0.128611013676414,0.0154829465976606,0.566930348053903,0.628721825859141
90.36,"2018-10-30_PC3_WT-TG",38,0.453947368421053,0.45,0.022605843980635,0.00366715213639891,0.4465170124015,0.461377724440605
90.53,"2018-10-30_PC3+ORAI1mCh-TG",69,0.591739130434783,0.55,0.12438030534637,0.0149736291661912,0.561859718642896,0.621618542226669
95.36,"2018-10-30_PC3_WT-TG",38,0.457105263157895,0.45,0.0234702681080556,0.00380738024680879,0.449390777997925,0.464819748317865
95.53,"2018-10-30_PC3+ORAI1mCh-TG",69,0.607101449275362,0.57,0.125171663882227,0.015068897538627,0.577031932406132,0.637170966144592
100.36,"2018-10-30_PC3_WT-TG",38,0.487894736842105,0.49,0.0269291256706997,0.0043684810361098,0.479043353491854,0.496746120192357
100.53,"2018-10-30_PC3+ORAI1mCh-TG",69,0.63,0.59,0.121558506852607,0.0146339245472834,0.600798458221007,0.659201541778993
105.36,"2018-10-30_PC3_WT-TG",38,0.481052631578947,0.48,0.0267914340570558,0.00434614450686671,0.472246506335899,0.489858756821996
105.53,"2018-10-30_PC3+ORAI1mCh-TG",69,0.615072463768116,0.57,0.164715647926303,0.0198294337921832,0.575503444707969,0.654641482828263
110.36,"2018-10-30_PC3_WT-TG",38,0.451315789473684,0.45,0.0231529640425255,0.00375590673036794,0.443705599564772,0.458925979382596
110.53,"2018-10-30_PC3+ORAI1mCh-TG",69,0.641594202898551,0.59,0.243338442530066,0.0292945059925444,0.583137926328843,0.700050479468258
115.36,"2018-10-30_PC3_WT-TG",38,0.471578947368421,0.47,0.0263578611064188,0.00427580968665051,0.462915334007983,0.480242560728859
115.53,"2018-10-30_PC3+ORAI1mCh-TG",69,0.60695652173913,0.58,0.142605011336601,0.0171676259440625,0.572699057541345,0.641213985936916
120.36,"2018-10-30_PC3_WT-TG",38,0.474736842105263,0.47,0.0251199115708186,0.00407498775369728,0.466480132631786,0.482993551578741
120.53,"2018-10-30_PC3+ORAI1mCh-TG",69,0.626376811594203,0.61,0.106342551586465,0.0128021387920539,0.600830541378806,0.651923081809599
125.36,"2018-10-30_PC3_WT-TG",38,0.462368421052632,0.46,0.0243215187255077,0.00394547133171031,0.454374136777223,0.47036270532804
125.53,"2018-10-30_PC3+ORAI1mCh-TG",69,0.632898550724638,0.62,0.104994417908698,0.0126398425691824,0.60767613757967,0.658120963869606
130.36,"2018-10-30_PC3_WT-TG",38,0.496315789473684,0.49,0.0306171699427924,0.00496676081912186,0.486252176136311,0.506379402811057
130.53,"2018-10-30_PC3+ORAI1mCh-TG",69,0.655217391304348,0.64,0.142277780246664,0.0171282319501443,0.621038536597511,0.689396246011185
135.36,"2018-10-30_PC3_WT-TG",38,0.493947368421053,0.49,0.030272588053918,0.00491086225541273,0.483997016332161,0.503897720509944
135.53,"2018-10-30_PC3+ORAI1mCh-TG",69,0.672753623188406,0.64,0.205597293827829,0.0247510056095887,0.623363760472826,0.722143485903986
140.36,"2018-10-30_PC3_WT-TG",38,0.450263157894737,0.45,0.0218702367299269,0.00354782088279494,0.44307458996184,0.457451725827633
140.53,"2018-10-30_PC3+ORAI1mCh-TG",69,0.720289855072464,0.69,0.216652140637072,0.026081852773452,0.668244328188913,0.772335381956015
145.36,"2018-10-30_PC3_WT-TG",38,0.494210526315789,0.49,0.0310737204469984,0.00504082309073212,0.483996848561885,0.504424204069694
145.53,"2018-10-30_PC3+ORAI1mCh-TG",69,0.775072463768116,0.73,0.262357093808766,0.0315840825512715,0.712047408309338,0.838097519226894
150.36,"2018-10-30_PC3_WT-TG",38,0.480526315789474,0.48,0.0274055989960084,0.00444577521607228,0.471518319554346,0.489534312024601
150.53,"2018-10-30_PC3+ORAI1mCh-TG",69,0.787101449275362,0.73,0.272737222428235,0.0328337031902663,0.721582814655397,0.852620083895328
155.36,"2018-10-30_PC3_WT-TG",38,0.519210526315789,0.515,0.0356697751489264,0.00578640161607359,0.507486162973242,0.530934889658337
155.53,"2018-10-30_PC3+ORAI1mCh-TG",69,0.836521739130435,0.78,0.263989895567305,0.0317806487838932,0.773104441861492,0.899939036399377
160.36,"2018-10-30_PC3_WT-TG",38,0.492105263157895,0.485,0.0315507223318042,0.00511820301436736,0.481734798785931,0.502475727529859
160.53,"2018-10-30_PC3+ORAI1mCh-TG",69,0.806811594202898,0.77,0.24330139112307,0.0292900455273052,0.748364218352995,0.865258970052802
165.36,"2018-10-30_PC3_WT-TG",38,0.522368421052632,0.52,0.0435228557865626,0.00706033951736541,0.508062814336119,0.536674027769144
165.53,"2018-10-30_PC3+ORAI1mCh-TG",69,0.845652173913043,0.82,0.246269091591182,0.0296473146798618,0.786491878569055,0.904812469257032
170.36,"2018-10-30_PC3_WT-TG",38,0.542631578947368,0.545,0.053961157728365,0.00875365569255661,0.524894987759158,0.560368170135578
170.53,"2018-10-30_PC3+ORAI1mCh-TG",69,0.845507246376812,0.82,0.234091084785665,0.0281812549416955,0.789272427691955,0.901742065061669
175.36,"2018-10-30_PC3_WT-TG",38,0.737368421052632,0.7,0.166062251605385,0.0269388544515999,0.682785117200162,0.791951724905101
175.53,"2018-10-30_PC3+ORAI1mCh-TG",69,0.877826086956522,0.85,0.243967630237252,0.0293702512914251,0.819218662996196,0.936433510916848
180.36,"2018-10-30_PC3_WT-TG",38,0.67578947368421,0.665,0.121713699931712,0.0197445693740055,0.635783176032845,0.715795771335576
180.53,"2018-10-30_PC3+ORAI1mCh-TG",69,0.841884057971015,0.83,0.223812390987991,0.026943845620255,0.788118451142554,0.895649664799475
185.36,"2018-10-30_PC3_WT-TG",38,0.770526315789474,0.75,0.182133710438105,0.0295459893430883,0.71066045486977,0.830392176709178
185.53,"2018-10-30_PC3+ORAI1mCh-TG",69,0.883333333333333,0.85,0.244327809369651,0.0294136117635426,0.824639384898045,0.942027281768622
190.36,"2018-10-30_PC3_WT-TG",38,0.842894736842105,0.84,0.207024060420938,0.0335837372897454,0.774847621465274,0.910941852218937
190.53,"2018-10-30_PC3+ORAI1mCh-TG",69,0.844347826086957,0.8,0.227198269598252,0.0273514575051961,0.789768842406014,0.898926809767899
195.36,"2018-10-30_PC3_WT-TG",38,0.816315789473684,0.78,0.178180307290443,0.0289046626661716,0.757749379833088,0.87488219911428
195.53,"2018-10-30_PC3+ORAI1mCh-TG",69,0.846086956521739,0.81,0.230856572428095,0.0277918654122128,0.790629152545189,0.90154476049829
200.36,"2018-10-30_PC3_WT-TG",38,0.734473684210526,0.735,0.145299269327622,0.0235706539595883,0.686715002808941,0.782232365612111
200.53,"2018-10-30_PC3+ORAI1mCh-TG",69,0.875072463768116,0.81,0.243911888553355,0.0293635407812567,0.816478430422345,0.933666497113887
205.36,"2018-10-30_PC3_WT-TG",38,0.932105263157895,0.89,0.227692987876894,0.0369366800748992,0.857264440380817,1.00694608593497
205.53,"2018-10-30_PC3+ORAI1mCh-TG",69,0.811739130434783,0.77,0.224682498348088,0.0270485942370765,0.757764500995844,0.865713759873721
210.36,"2018-10-30_PC3_WT-TG",38,0.863947368421053,0.835,0.180278155557644,0.0292449785933936,0.804691413213671,0.923203323628434
210.53,"2018-10-30_PC3+ORAI1mCh-TG",69,0.817101449275362,0.77,0.219190364813968,0.0263874190563105,0.764446174367875,0.86975672418285
215.36,"2018-10-30_PC3_WT-TG",38,0.848947368421053,0.815,0.18781516897096,0.0304676436203835,0.787214058551175,0.910680678290931
215.53,"2018-10-30_PC3+ORAI1mCh-TG",69,0.827246376811594,0.77,0.218375580796366,0.0262893305872708,0.774786834396607,0.879705919226581
220.36,"2018-10-30_PC3_WT-TG",38,0.97,0.9,0.237600618799813,0.0385439100432542,0.891902619974686,1.04809738002531
220.53,"2018-10-30_PC3+ORAI1mCh-TG",69,0.801304347826087,0.75,0.216563487794052,0.0260711802253165,0.74928011768076,0.853328577971414
225.36,"2018-10-30_PC3_WT-TG",38,0.871842105263158,0.82,0.19834252740961,0.0321754066670541,0.806648538779476,0.93703567174684
225.53,"2018-10-30_PC3+ORAI1mCh-TG",69,0.814492753623188,0.75,0.223366858829121,0.0268902098512323,0.760834175305426,0.868151331940951
230.36,"2018-10-30_PC3_WT-TG",38,0.909210526315789,0.85,0.216212877819178,0.0350743603065989,0.838143121816991,0.980277930814588
230.53,"2018-10-30_PC3+ORAI1mCh-TG",69,0.784347826086957,0.72,0.211864817200175,0.0255055267575036,0.733452339862606,0.835243312311307
235.36,"2018-10-30_PC3_WT-TG",38,1.05236842105263,0.9,0.329146596851709,0.0533946287016383,0.944180626811134,1.16055621529413
235.53,"2018-10-30_PC3+ORAI1mCh-TG",69,0.815507246376812,0.75,0.217171227050184,0.0261443434341197,0.763337021321394,0.867677471432229
240.36,"2018-10-30_PC3_WT-TG",38,0.935526315789474,0.83,0.264081246388622,0.0428396350831452,0.848724970065087,1.02232766151386
240.53,"2018-10-30_PC3+ORAI1mCh-TG",69,0.812463768115942,0.74,0.214334852077314,0.0258028840133397,0.760974914726035,0.863952621505849
245.36,"2018-10-30_PC3_WT-TG",38,0.831842105263158,0.78,0.173825872225361,0.0281982800216924,0.77470696281282,0.888977247713495
245.53,"2018-10-30_PC3+ORAI1mCh-TG",69,0.77536231884058,0.72,0.202858830297914,0.0244213333413957,0.726630306893733,0.824094330787427
250.36,"2018-10-30_PC3_WT-TG",38,0.877631578947368,0.82,0.21633850115947,0.0350947391033884,0.80652288308411,0.948740274810627
250.53,"2018-10-30_PC3+ORAI1mCh-TG",69,0.777101449275362,0.72,0.198606183255407,0.0239093747993108,0.729391034693426,0.824811863857299
255.36,"2018-10-30_PC3_WT-TG",38,0.790263157894737,0.755,0.162505498320373,0.0263618728790937,0.736848929755786,0.843677386033688
255.53,"2018-10-30_PC3+ORAI1mCh-TG",69,0.761594202898551,0.71,0.191715346499821,0.0230798155380148,0.71553914804931,0.807649257747791
260.36,"2018-10-30_PC3_WT-TG",38,0.923684210526316,0.845,0.226052147208267,0.0366705005697854,0.849382718656312,0.99798570239632
260.53,"2018-10-30_PC3+ORAI1mCh-TG",69,0.756231884057971,0.71,0.182580372707114,0.0219800939250636,0.712371289520597,0.800092478595345
265.36,"2018-10-30_PC3_WT-TG",38,0.843947368421053,0.79,0.186279932819577,0.0302185954301347,0.782718678117188,0.905176058724917
265.53,"2018-10-30_PC3+ORAI1mCh-TG",69,0.767246376811594,0.71,0.182828142205372,0.02200992186748,0.72332626154184,0.811166492081349
270.36,"2018-10-30_PC3_WT-TG",38,0.748684210526316,0.71,0.175378679906014,0.0284501786903907,0.691038672892015,0.806329748160617
270.53,"2018-10-30_PC3+ORAI1mCh-TG",69,0.72768115942029,0.68,0.175055830821251,0.0210742455310543,0.685628157209747,0.769734161630833
275.36,"2018-10-30_PC3_WT-TG",38,0.7,0.68,0.134123783085585,0.0217577506995778,0.655914609520049,0.744085390479951
275.53,"2018-10-30_PC3+ORAI1mCh-TG",69,0.733188405797101,0.69,0.169310824100869,0.0203826279960377,0.692515504890116,0.773861306704087
280.36,"2018-10-30_PC3_WT-TG",38,0.763684210526316,0.705,0.174238436393717,0.0282652067673908,0.706413461608269,0.820954959444362
280.53,"2018-10-30_PC3+ORAI1mCh-TG",69,0.718695652173913,0.67,0.165155123546802,0.0198823404396674,0.679021059542446,0.758370244805381
285.36,"2018-10-30_PC3_WT-TG",38,0.747105263157895,0.705,0.166049616400297,0.0269368047506741,0.692526112393992,0.801684413921797
285.53,"2018-10-30_PC3+ORAI1mCh-TG",69,0.692898550724638,0.64,0.156788556091949,0.0188751240792152,0.65523382704768,0.730563274401595
290.36,"2018-10-30_PC3_WT-TG",38,0.804473684210526,0.735,0.230213735805723,0.0373455993862263,0.72880431220685,0.880143056214203
290.53,"2018-10-30_PC3+ORAI1mCh-TG",69,0.703913043478261,0.65,0.156855285415123,0.0188831573457115,0.666232289667593,0.741593797288929
295.36,"2018-10-30_PC3_WT-TG",38,0.723421052631579,0.68,0.153557389849009,0.0249102980064367,0.672947994559128,0.77389411070403
295.53,"2018-10-30_PC3+ORAI1mCh-TG",69,0.684492753623188,0.64,0.151099268420817,0.0181902143294757,0.64819474607267,0.720790761173707
300.36,"2018-10-30_PC3_WT-TG",38,0.892105263157895,0.82,0.260728272083106,0.0422957108262897,0.806406012663208,0.977804513652581
300.53,"2018-10-30_PC3+ORAI1mCh-TG",69,0.688115942028986,0.64,0.15230846566328,0.0183357845710585,0.651527453584048,0.724704430473924
305.36,"2018-10-30_PC3_WT-TG",38,0.716315789473684,0.675,0.146350579692692,0.0237411990210594,0.66821155095394,0.764420027993429
305.53,"2018-10-30_PC3+ORAI1mCh-TG",69,0.654057971014493,0.61,0.143438025565662,0.0172679090726606,0.619600394949243,0.688515547079742
310.36,"2018-10-30_PC3_WT-TG",38,0.728421052631579,0.68,0.167114240190768,0.027109509534934,0.67349196873548,0.783350136527678
310.53,"2018-10-30_PC3+ORAI1mCh-TG",69,0.677246376811594,0.63,0.141679880031701,0.0170562532227057,0.643211153419085,0.711281600204104
315.36,"2018-10-30_PC3_WT-TG",38,0.814210526315789,0.73,0.246221517260124,0.0399424044429099,0.733279527478305,0.895141525153274
315.53,"2018-10-30_PC3+ORAI1mCh-TG",69,0.679130434782609,0.64,0.136022696315885,0.0163752083350143,0.646454215304397,0.711806654260821
320.36,"2018-10-30_PC3_WT-TG",38,0.638421052631579,0.62,0.104636470201165,0.0169742768981397,0.604027900715199,0.672814204547959
320.53,"2018-10-30_PC3+ORAI1mCh-TG",69,0.676376811594203,0.64,0.131406095015915,0.0158194348491605,0.644809620839925,0.707944002348481
325.36,"2018-10-30_PC3_WT-TG",38,0.698421052631579,0.65,0.164785303657713,0.0267317061408185,0.644257471125144,0.752584634138014
325.53,"2018-10-30_PC3+ORAI1mCh-TG",69,0.660434782608696,0.63,0.122923156084565,0.0147982090092355,0.630905416289961,0.68996414892743
330.36,"2018-10-30_PC3_WT-TG",38,0.718947368421053,0.67,0.189091561886488,0.0306747018930616,0.656794518639667,0.781100218202439
330.53,"2018-10-30_PC3+ORAI1mCh-TG",69,0.633768115942029,0.6,0.119571556834186,0.0143947238742771,0.605043891674398,0.66249234020966
335.36,"2018-10-30_PC3_WT-TG",38,0.667631578947368,0.63,0.141372312946028,0.0229336175146476,0.621163655989197,0.71409950190554
335.53,"2018-10-30_PC3+ORAI1mCh-TG",69,0.640724637681159,0.61,0.11673649110131,0.0140534220674705,0.612681470565251,0.668767804797067
340.36,"2018-10-30_PC3_WT-TG",38,0.628684210526316,0.595,0.128213737355469,0.0207990146822905,0.586541403738627,0.670827017314005
340.53,"2018-10-30_PC3+ORAI1mCh-TG",69,0.615217391304348,0.58,0.109794041085118,0.0132176492997659,0.58884198278013,0.641592799828566
345.36,"2018-10-30_PC3_WT-TG",38,0.668421052631579,0.615,0.172384333579728,0.0279644315739829,0.611759732143482,0.725082373119676
345.53,"2018-10-30_PC3+ORAI1mCh-TG",69,0.642753623188406,0.61,0.109569801254605,0.0131906539964738,0.616432082953202,0.66907516342361
350.36,"2018-10-30_PC3_WT-TG",38,0.70421052631579,0.655,0.167002695866691,0.0270914146561632,0.649318106126675,0.759102946504904
350.53,"2018-10-30_PC3+ORAI1mCh-TG",69,0.596521739130435,0.57,0.10486442349328,0.0126241930805859,0.571330554053754,0.621712924207116
355.36,"2018-10-30_PC3_WT-TG",38,0.699473684210526,0.64,0.180583848435538,0.0292945685264753,0.640117250254492,0.75883011816656
355.53,"2018-10-30_PC3+ORAI1mCh-TG",69,0.592028985507246,0.56,0.10266421150506,0.0123593186834145,0.567366349060852,0.61669162195364
360.36,"2018-10-30_PC3_WT-TG",38,0.737631578947368,0.65,0.213863232508679,0.0346931975051766,0.667336483643999,0.807926674250737
360.53,"2018-10-30_PC3+ORAI1mCh-TG",69,0.60231884057971,0.57,0.102299228441922,0.0123153798859967,0.577743882638448,0.626893798520973
365.36,"2018-10-30_PC3_WT-TG",38,0.665263157894737,0.615,0.164575405244465,0.0266976561219282,0.611168568279943,0.719357747509531
365.53,"2018-10-30_PC3+ORAI1mCh-TG",69,0.628985507246377,0.6,0.101679209042838,0.0122407383217083,0.604559494227645,0.653411520265108
370.36,"2018-10-30_PC3_WT-TG",38,0.590263157894737,0.57,0.111439884220882,0.0180779363889591,0.553633779436308,0.626892536353165
370.53,"2018-10-30_PC3+ORAI1mCh-TG",69,0.610434782608696,0.58,0.09862935344315,0.0118735788535515,0.586741424901551,0.63412814031584
375.36,"2018-10-30_PC3_WT-TG",38,0.706842105263158,0.615,0.252673331068567,0.0409890268477867,0.623790447997275,0.789893762529041
375.53,"2018-10-30_PC3+ORAI1mCh-TG",69,0.618695652173913,0.59,0.0989044851697878,0.0119067008211737,0.594936200609431,0.642455103738395
380.36,"2018-10-30_PC3_WT-TG",38,0.595789473684211,0.565,0.111540359413505,0.0180942356174948,0.55912706985177,0.632451877516651
380.53,"2018-10-30_PC3+ORAI1mCh-TG",69,0.618405797101449,0.6,0.0949399684693345,0.0114294290961169,0.595598726436168,0.641212867766731
385.36,"2018-10-30_PC3_WT-TG",38,0.591315789473684,0.565,0.0960622279350545,0.0155833511326118,0.55974092086005,0.622890658087318
385.53,"2018-10-30_PC3+ORAI1mCh-TG",69,0.590434782608696,0.57,0.0922502157276084,0.0111056209177144,0.568273861103159,0.612595704114232
390.36,"2018-10-30_PC3_WT-TG",38,0.636842105263158,0.585,0.165629108016904,0.0268685892831227,0.58240117216547,0.691283038360846
390.53,"2018-10-30_PC3+ORAI1mCh-TG",69,0.615072463768116,0.59,0.0928094694142695,0.0111729471498744,0.592777194858034,0.637367732678198
395.36,"2018-10-30_PC3_WT-TG",38,0.726842105263158,0.615,0.235143489984168,0.038145311114879,0.64955236338229,0.804131847144026
395.53,"2018-10-30_PC3+ORAI1mCh-TG",69,0.587101449275362,0.57,0.0888174176293102,0.0106923605901795,0.565765175914014,0.60843772263671
400.36,"2018-10-30_PC3_WT-TG",38,0.56921052631579,0.54,0.103568271749745,0.0168009922273006,0.535168482493422,0.603252570138157
400.53,"2018-10-30_PC3+ORAI1mCh-TG",69,0.601304347826087,0.59,0.0879156186933254,0.0105837967559592,0.580184710223003,0.622423985429171
405.36,"2018-10-30_PC3_WT-TG",38,0.655263157894737,0.59,0.16338872305698,0.0265051508510439,0.601558621008902,0.708967694780572
405.53,"2018-10-30_PC3+ORAI1mCh-TG",69,0.579565217391304,0.56,0.0837439160671441,0.0100815827764862,0.559447732181188,0.599682702601421
410.36,"2018-10-30_PC3_WT-TG",38,0.604736842105263,0.565,0.132414926122505,0.0214805374945177,0.561213138932057,0.648260545278469
410.53,"2018-10-30_PC3+ORAI1mCh-TG",69,0.591594202898551,0.58,0.0843944378639374,0.010159896397944,0.571320445289907,0.611867960507194
415.36,"2018-10-30_PC3_WT-TG",38,0.551052631578947,0.53,0.0921159514221133,0.0149431805485075,0.520774871777878,0.581330391380016
415.53,"2018-10-30_PC3+ORAI1mCh-TG",69,0.601304347826087,0.59,0.0852317436632458,0.0102606961708874,0.58082944740224,0.621779248249934
420.36,"2018-10-30_PC3_WT-TG",38,0.630263157894737,0.575,0.164850248868239,0.0267422416451656,0.576078229428799,0.684448086360675
420.53,"2018-10-30_PC3+ORAI1mCh-TG",69,0.591594202898551,0.58,0.079974686958654,0.0096278209147849,0.572382185385727,0.610806220411374
425.36,"2018-10-30_PC3_WT-TG",38,0.528684210526316,0.51,0.0853346687454778,0.0138431112356143,0.500635402875841,0.556733018176791
425.53,"2018-10-30_PC3+ORAI1mCh-TG",69,0.577101449275362,0.56,0.0804966467930655,0.00969065749472703,0.557764043319507,0.596438855231218
430.36,"2018-10-30_PC3_WT-TG",38,0.769736842105263,0.65,0.275754364275137,0.0447332648557228,0.679098638007913,0.860375046202614
430.53,"2018-10-30_PC3+ORAI1mCh-TG",69,0.560579710144928,0.55,0.077533371524233,0.00933392107356068,0.541954160634219,0.579205259655636
435.36,"2018-10-30_PC3_WT-TG",38,0.842368421052632,0.685,0.361912593677402,0.0587099752714684,0.723410711652957,0.961326130452306
435.53,"2018-10-30_PC3+ORAI1mCh-TG",69,0.555072463768116,0.54,0.0762276618852214,0.00917673210478595,0.536760579960961,0.573384347575271
440.36,"2018-10-30_PC3_WT-TG",38,0.569473684210526,0.535,0.112537017775679,0.0182559149533886,0.53248368692627,0.606463681494783
440.53,"2018-10-30_PC3+ORAI1mCh-TG",69,0.579275362318841,0.57,0.0751531542248249,0.00904737658344193,0.561221603435636,0.597329121202045
445.36,"2018-10-30_PC3_WT-TG",38,0.555263157894737,0.52,0.0975299494432701,0.0158214470014987,0.523205861226086,0.587320454563388
445.53,"2018-10-30_PC3+ORAI1mCh-TG",69,0.572608695652174,0.56,0.0752183522254307,0.00905522550036434,0.554539274499106,0.590678116805242
450.36,"2018-10-30_PC3_WT-TG",38,0.477894736842105,0.47,0.0500355492401824,0.00811683790480063,0.461448461055769,0.494341012628441
450.53,"2018-10-30_PC3+ORAI1mCh-TG",69,0.591594202898551,0.58,0.0756661239845189,0.00910913088556988,0.573417215224068,0.609771190573033
455.46,"2018-10-30_PC3_WT-TG",38,0.582105263157895,0.55,0.0930608024064024,0.0150964556179357,0.55151693856638,0.61269358774941
455.53,"2018-10-30_PC3+ORAI1mCh-TG",69,0.570724637681159,0.56,0.0722194132402351,0.0086941956722794,0.553375640333354,0.588073635028965
460.46,"2018-10-30_PC3_WT-TG",38,0.519210526315789,0.51,0.0497225588558651,0.00806606415985641,0.502867127908779,0.5355539247228
460.53,"2018-10-30_PC3+ORAI1mCh-TG",69,0.57768115942029,0.57,0.071745976061302,0.00863720053361101,0.56044589410094,0.59491642473964
465.53,"2018-10-30_PC3+ORAI1mCh-TG",69,0.597391304347826,0.59,0.0739366217846117,0.00890092328782035,0.57962978846594,0.615152820229712
470.53,"2018-10-30_PC3+ORAI1mCh-TG",69,0.562173913043478,0.55,0.0677770906379528,0.00815940287612145,0.545892078105159,0.578455747981798
475.53,"2018-10-30_PC3+ORAI1mCh-TG",69,0.544202898550725,0.53,0.0683719455087489,0.00823101498720446,0.527778163869625,0.560627633231825
480.53,"2018-10-30_PC3+ORAI1mCh-TG",69,0.572028985507246,0.56,0.0675316855946139,0.00812985958062755,0.555806103297217,0.588251867717276
483,"2018-10-30_PC3_WT-TG",38,0.504210526315789,0.5,0.049736145915484,0.00806826827197679,0.487862661953413,0.520558390678166
485.53,"2018-10-30_PC3+ORAI1mCh-TG",69,0.572753623188406,0.57,0.0680804899488793,0.00819592786099297,0.556398903777554,0.589108342599258
488,"2018-10-30_PC3_WT-TG",38,0.483684210526316,0.48,0.0455252263085091,0.00738516690906592,0.468720440996954,0.498647980055677
490.53,"2018-10-30_PC3+ORAI1mCh-TG",69,0.579710144927536,0.57,0.0685559242407839,0.00825316342381013,0.56324121372931,0.596179076125762
493,"2018-10-30_PC3_WT-TG",38,0.495789473684211,0.49,0.0482466399304695,0.00782663849430495,0.479931197756196,0.511647749612225
495.53,"2018-10-30_PC3+ORAI1mCh-TG",69,0.566811594202899,0.56,0.0642030958027449,0.00772914445896081,0.551388326568509,0.582234861837288
498,"2018-10-30_PC3_WT-TG",38,0.505526315789474,0.5,0.0489178775931858,0.00793552762186728,0.489447409531887,0.521605222047061
500.53,"2018-10-30_PC3+ORAI1mCh-TG",69,0.551884057971014,0.54,0.0624800053268535,0.00752170874207667,0.536874721864936,0.566893394077093
503,"2018-10-30_PC3_WT-TG",38,0.494210526315789,0.485,0.0462444491305841,0.00750184025737261,0.479010354127453,0.509410698504126
505.53,"2018-10-30_PC3+ORAI1mCh-TG",69,0.55695652173913,0.55,0.0624335964380907,0.00751612176841219,0.54195833426542,0.571954709212841
508,"2018-10-30_PC3_WT-TG",38,0.508947368421053,0.5,0.0504460896984157,0.00818343636136691,0.492366151343973,0.525528585498133
510.53,"2018-10-30_PC3+ORAI1mCh-TG",69,0.567391304347826,0.56,0.0624888736899487,0.00752277636753335,0.552379837828319,0.582402770867334
513,"2018-10-30_PC3_WT-TG",38,0.502894736842105,0.495,0.0475853653824106,0.00771936559736125,0.487253816449366,0.518535657234845
515.53,"2018-10-30_PC3+ORAI1mCh-TG",69,0.553768115942029,0.54,0.061191633637945,0.00736660701721585,0.539068280509122,0.568467951374936
518,"2018-10-30_PC3_WT-TG",38,0.536315789473684,0.53,0.0567793763772756,0.00921083112684009,0.517652872866247,0.554978706081122
520.53,"2018-10-30_PC3+ORAI1mCh-TG",69,0.524202898550725,0.51,0.0588718897542754,0.0070873426708398,0.510060326444667,0.538345470656783
523,"2018-10-30_PC3_WT-TG",38,0.504736842105263,0.49,0.0488094387252824,0.00791793651461019,0.488693578816617,0.520780105393909
525.53,"2018-10-30_PC3+ORAI1mCh-TG",69,0.56463768115942,0.56,0.0612991629859593,0.00737955202950831,0.549912014356666,0.579363347962174
528,"2018-10-30_PC3_WT-TG",38,0.491578947368421,0.48,0.0458862468820024,0.00744373217955545,0.476496513329399,0.506661381407444
530.53,"2018-10-30_PC3+ORAI1mCh-TG",69,0.553478260869565,0.55,0.0591813287069425,0.0071245947431346,0.539261353410612,0.567695168328519
533,"2018-10-30_PC3_WT-TG",38,0.487894736842105,0.475,0.04497193687941,0.00729541151158083,0.473112829022644,0.502676644661566
535.53,"2018-10-30_PC3+ORAI1mCh-TG",69,0.559710144927536,0.55,0.0589858162036771,0.00710105780364006,0.545540204700085,0.573880085154987
538,"2018-10-30_PC3_WT-TG",38,0.475526315789474,0.47,0.0424708083162155,0.00688967488162868,0.461566508471597,0.489486123107351
540.53,"2018-10-30_PC3+ORAI1mCh-TG",69,0.549855072463768,0.54,0.0563469492264402,0.00678337555140552,0.536319057300718,0.563391087626819
543,"2018-10-30_PC3_WT-TG",38,0.516315789473684,0.505,0.0527831388224922,0.008562555791527,0.498966403464626,0.533665175482742
545.53,"2018-10-30_PC3+ORAI1mCh-TG",69,0.556666666666667,0.55,0.0567933992298263,0.0068371218159233,0.543023402502591,0.570309930830743
548,"2018-10-30_PC3_WT-TG",38,0.482105263157895,0.47,0.0433812697617888,0.00703737123121436,0.46784619460967,0.496364331706119
550.53,"2018-10-30_PC3+ORAI1mCh-TG",69,0.541739130434783,0.53,0.0553586308096135,0.00666439599567547,0.528440535278667,0.555037725590898
553,"2018-10-30_PC3_WT-TG",38,0.502894736842105,0.49,0.0476988239832843,0.00773777101283448,0.487216523535255,0.518572950148956
555.53,"2018-10-30_PC3+ORAI1mCh-TG",69,0.550289855072464,0.54,0.0563072196419093,0.00677859267147903,0.536763383997709,0.563816326147218
558,"2018-10-30_PC3_WT-TG",38,0.499736842105263,0.49,0.0464692192284756,0.00753830278208027,0.484462789824181,0.515010894386346
560.53,"2018-10-30_PC3+ORAI1mCh-TG",69,0.565797101449275,0.56,0.0571480481139956,0.00687981652438994,0.552068641320918,0.579525561577633
563,"2018-10-30_PC3_WT-TG",38,0.486842105263158,0.48,0.0446672540530227,0.00724598543049015,0.47216034419668,0.501523866329636
565.53,"2018-10-30_PC3+ORAI1mCh-TG",69,0.551159420289855,0.54,0.05548015627984,0.00667902594308033,0.537831631528224,0.564487209051486
568,"2018-10-30_PC3_WT-TG",38,0.447105263157895,0.44,0.0389669225450456,0.00632126955234964,0.434297154434149,0.459913371881641
570.53,"2018-10-30_PC3+ORAI1mCh-TG",69,0.53536231884058,0.53,0.0533186787198094,0.00641881462309031,0.522553773683595,0.548170863997564
573,"2018-10-30_PC3_WT-TG",38,0.526842105263158,0.515,0.0554639041694538,0.00899743335582921,0.50861157361097,0.545072636915346
575.53,"2018-10-30_PC3+ORAI1mCh-TG",69,0.543623188405797,0.54,0.0535496200484338,0.00644661669194952,0.530759165084175,0.556487211727419
578,"2018-10-30_PC3_WT-TG",38,0.477894736842105,0.47,0.0419882798793446,0.00681139843286348,0.464093532674749,0.491695941009462
580.53,"2018-10-30_PC3+ORAI1mCh-TG",69,0.562608695652174,0.56,0.0552973825014254,0.00665702256584419,0.549324813946204,0.575892577358143
583,"2018-10-30_PC3_WT-TG",38,0.461842105263158,0.45,0.0403267239646162,0.00654185847108802,0.448587040934836,0.47509716959148
585.53,"2018-10-30_PC3+ORAI1mCh-TG",69,0.547826086956522,0.54,0.0537934384041889,0.00647596897270506,0.534903492070585,0.560748681842458
588,"2018-10-30_PC3_WT-TG",38,0.513421052631579,0.5,0.0507924401583582,0.00823962182518808,0.496725992991173,0.530116112271985
590.53,"2018-10-30_PC3+ORAI1mCh-TG",69,0.562028985507246,0.56,0.0544647676226656,0.00655678751337278,0.548945119734324,0.575112851280169
593,"2018-10-30_PC3_WT-TG",38,0.506052631578947,0.5,0.0510187815805974,0.00827633925236448,0.489283175364335,0.52282208779356
595.53,"2018-10-30_PC3+ORAI1mCh-TG",69,0.529855072463768,0.52,0.0528453001311427,0.00636182653786113,0.51716024526032,0.542549899667216
598,"2018-10-30_PC3_WT-TG",38,0.463157894736842,0.45,0.038280985552981,0.00620999587869077,0.450575247891997,0.475740541581687
600.53,"2018-10-30_PC3+ORAI1mCh-TG",69,0.547101449275362,0.54,0.0519077646145591,0.006248960524899,0.534631842694195,0.55957105585653
603,"2018-10-30_PC3_WT-TG",38,0.543421052631579,0.495,0.124320342876442,0.0201674226968801,0.502557972764438,0.584284132498719
605.53,"2018-10-30_PC3+ORAI1mCh-TG",69,0.551304347826087,0.55,0.0527734626793747,0.00635317832494653,0.538626777862823,0.563981917789351
608,"2018-10-30_PC3_WT-TG",38,0.482631578947368,0.46,0.0677708464198771,0.0109938830174671,0.460355856037953,0.504907301856784
610.53,"2018-10-30_PC3+ORAI1mCh-TG",69,0.551884057971014,0.55,0.0515431105203618,0.00620506133068785,0.53950205086801,0.564266065074019
613,"2018-10-30_PC3_WT-TG",38,0.468947368421053,0.455,0.0588074950952182,0.00953983542748664,0.449617825779341,0.488276911062764
615.53,"2018-10-30_PC3+ORAI1mCh-TG",69,0.539855072463768,0.53,0.0504536115894704,0.00607390107245645,0.527734791581103,0.551975353346433
618,"2018-10-30_PC3_WT-TG",38,0.473157894736842,0.46,0.0612970288578446,0.00994369113241291,0.453010062709658,0.493305726764027
620.53,"2018-10-30_PC3+ORAI1mCh-TG",69,0.536086956521739,0.53,0.0515414565095946,0.00620486221119062,0.523705346755505,0.548468566287973
623,"2018-10-30_PC3_WT-TG",38,0.500789473684211,0.47,0.0839363201013002,0.0136162691313195,0.473200291795755,0.528378655572666
625.53,"2018-10-30_PC3+ORAI1mCh-TG",69,0.552898550724638,0.55,0.0510507662348258,0.00614579004386169,0.540634817633021,0.565162283816255
628,"2018-10-30_PC3_WT-TG",38,0.507631578947368,0.475,0.0918998929660382,0.0149081312387157,0.477424835793634,0.537838322101103
630.53,"2018-10-30_PC3+ORAI1mCh-TG",69,0.547971014492754,0.55,0.0511796061792346,0.00616130055048086,0.535676330667068,0.56026569831844
633,"2018-10-30_PC3_WT-TG",38,0.518157894736842,0.48,0.0917945786292325,0.0148910469973336,0.487985767544233,0.548330021929452
635.53,"2018-10-30_PC3+ORAI1mCh-TG",69,0.547971014492754,0.54,0.0499876370052379,0.00601780432461733,0.535962672927556,0.559979356057952
638,"2018-10-30_PC3_WT-TG",38,0.482368421052632,0.46,0.0714874477935402,0.0115967953740793,0.458871081670381,0.505865760434882
640.53,"2018-10-30_PC3+ORAI1mCh-TG",69,0.533478260869565,0.53,0.0487739710886296,0.00587169611788532,0.521761473691528,0.545195048047603
643,"2018-10-30_PC3_WT-TG",38,0.450526315789474,0.44,0.0502935903938901,0.00815869770746532,0.433995223986475,0.467057407592473
645.53,"2018-10-30_PC3+ORAI1mCh-TG",69,0.56304347826087,0.56,0.050214374196629,0.00604510027482922,0.55098066847507,0.575106288046669
648,"2018-10-30_PC3_WT-TG",38,0.522105263157895,0.48,0.104756033038852,0.0169936725515836,0.487672811914691,0.556537714401098
650.53,"2018-10-30_PC3+ORAI1mCh-TG",69,0.565797101449275,0.56,0.0516038586422466,0.0062123745451643,0.553400501053994,0.578193701844556
653,"2018-10-30_PC3_WT-TG",38,0.522894736842105,0.48,0.121786430139589,0.0197563677716865,0.482864533366283,0.562924940317928
655.53,"2018-10-30_PC3+ORAI1mCh-TG",69,0.547971014492754,0.54,0.0487363769847814,0.00586717031962255,0.53626325840454,0.559678770580968
658,"2018-10-30_PC3_WT-TG",38,0.501315789473684,0.475,0.0744773157059604,0.0120818159958254,0.476835704963238,0.52579587398413
660.53,"2018-10-30_PC3+ORAI1mCh-TG",69,0.563478260869565,0.56,0.0513014759263811,0.00617597194395644,0.551154300734018,0.575802221005113
663,"2018-10-30_PC3_WT-TG",38,0.462631578947368,0.445,0.061630293118498,0.00999775373438819,0.44237420568353,0.482888952211207
665.53,"2018-10-30_PC3+ORAI1mCh-TG",69,0.534347826086957,0.53,0.0482785502508334,0.00581205445769076,0.522750051988856,0.545945600185057
668,"2018-10-30_PC3_WT-TG",38,0.513157894736842,0.47,0.0983679046524747,0.0159573812863798,0.480825169044698,0.545490620428987
670.53,"2018-10-30_PC3+ORAI1mCh-TG",69,0.524782608695652,0.52,0.0478849324100824,0.00576466843814217,0.513279391927345,0.536285825463959
673,"2018-10-30_PC3_WT-TG",38,0.463157894736842,0.45,0.0707910997290866,0.011483832801462,0.439889439267833,0.486426350205851
675.53,"2018-10-30_PC3+ORAI1mCh-TG",69,0.519565217391304,0.51,0.0474476424322486,0.00571202491111479,0.508167049145621,0.530963385636987
678,"2018-10-30_PC3_WT-TG",38,0.507368421052632,0.475,0.0978880831033878,0.0158795439527978,0.475193408779133,0.53954343332613
680.53,"2018-10-30_PC3+ORAI1mCh-TG",69,0.546376811594203,0.54,0.04783461134603,0.00575861049391804,0.534885683265384,0.557867939923022
683,"2018-10-30_PC3_WT-TG",38,0.552368421052632,0.505,0.132490371104007,0.0214927762866341,0.508819919731083,0.59591692237418
685.53,"2018-10-30_PC3+ORAI1mCh-TG",69,0.522028985507246,0.52,0.0463547608489941,0.00558045742939297,0.510893356083726,0.533164614930767
688,"2018-10-30_PC3_WT-TG",38,0.507894736842105,0.47,0.0944159255559015,0.0153162856210546,0.476860994355123,0.538928479329087
690.53,"2018-10-30_PC3+ORAI1mCh-TG",69,0.537536231884058,0.53,0.0471981367123948,0.00568198795218041,0.526198001456723,0.548874462311393
693,"2018-10-30_PC3_WT-TG",38,0.465263157894737,0.45,0.0706241227491181,0.0114567455584754,0.442049586393312,0.488476729396162
695.53,"2018-10-30_PC3+ORAI1mCh-TG",69,0.538260869565217,0.53,0.0473397147578055,0.00569903194595539,0.526888628377837,0.549633110752597
698,"2018-10-30_PC3_WT-TG",38,0.472105263157895,0.45,0.0583631638147678,0.00946775537571912,0.452921768573809,0.49128875774198
700.53,"2018-10-30_PC3+ORAI1mCh-TG",69,0.54463768115942,0.54,0.0474831149600425,0.00571629530163436,0.53323099148213,0.55604437083671
703,"2018-10-30_PC3_WT-TG",38,0.528421052631579,0.48,0.119198365574444,0.0193365282599505,0.489241524810118,0.56760058045304
705.53,"2018-10-30_PC3+ORAI1mCh-TG",69,0.510579710144928,0.5,0.0448488985362489,0.00539917291024343,0.499805828347119,0.521353591942736
708,"2018-10-30_PC3_WT-TG",38,0.490526315789474,0.46,0.0831133179044536,0.0134827605453533,0.463207647991653,0.517844983587295
710.53,"2018-10-30_PC3+ORAI1mCh-TG",69,0.574927536231884,0.57,0.0521486334039484,0.00627795771959137,0.562400066649609,0.587455005814159
713,"2018-10-30_PC3_WT-TG",38,0.436052631578947,0.43,0.0475644355945507,0.00771597033743065,0.420418590636289,0.451686672521605
715.53,"2018-10-30_PC3+ORAI1mCh-TG",69,0.520289855072464,0.52,0.0453408987719617,0.00545840277833811,0.50939778191306,0.531181928231868
718,"2018-10-30_PC3_WT-TG",38,0.451315789473684,0.44,0.0447920753507219,0.00726623411879031,0.436593000667586,0.466038578279782
720.53,"2018-10-30_PC3+ORAI1mCh-TG",69,0.518550724637681,0.51,0.0468500537484418,0.0056400836876203,0.507296112868371,0.529805336406992
723,"2018-10-30_PC3_WT-TG",38,0.46,0.445,0.0498646817545895,0.00808911953846271,0.443609886958625,0.476390113041375
725.53,"2018-10-30_PC3+ORAI1mCh-TG",69,0.547101449275362,0.54,0.0469699982240028,0.00565452330563365,0.535818023696924,0.5583848748538
728,"2018-10-30_PC3_WT-TG",38,0.503684210526316,0.47,0.100362075658293,0.0162808785409214,0.470696017135208,0.536672403917423
730.53,"2018-10-30_PC3+ORAI1mCh-TG",69,0.533333333333333,0.53,0.0464525902103952,0.00559223470052207,0.522174202731178,0.544492463935489
733,"2018-10-30_PC3_WT-TG",38,0.499473684210526,0.46,0.0975911872522462,0.0158313810858977,0.467396259174939,0.531551109246114
735.53,"2018-10-30_PC3+ORAI1mCh-TG",69,0.526086956521739,0.52,0.0451864565636374,0.00543981012133655,0.515231984431734,0.536941928611744
738,"2018-10-30_PC3_WT-TG",38,0.519473684210526,0.47,0.10983888368808,0.0178182198072968,0.483370541532385,0.555576826888667
740.53,"2018-10-30_PC3+ORAI1mCh-TG",69,0.552753623188406,0.55,0.0485036098708435,0.00583914845204083,0.541101783866352,0.56440546251046
743,"2018-10-30_PC3_WT-TG",38,0.506578947368421,0.46,0.107358362148397,0.017415826077984,0.471291131831784,0.541866762905058
745.53,"2018-10-30_PC3+ORAI1mCh-TG",69,0.528405797101449,0.52,0.0452646852480528,0.00544922774824567,0.51753203242954,0.539279561773359
748,"2018-10-30_PC3_WT-TG",38,0.431315789473684,0.425,0.0399439507737272,0.00647976446009125,0.418186539562443,0.444445039384925
750.53,"2018-10-30_PC3+ORAI1mCh-TG",69,0.516521739130435,0.51,0.0454980958540323,0.00547732708316578,0.505591903108698,0.527451575152171
753,"2018-10-30_PC3_WT-TG",38,0.526842105263158,0.475,0.108381340349659,0.0175817750555785,0.491218045158871,0.562466165367444
755.53,"2018-10-30_PC3+ORAI1mCh-TG",69,0.522173913043478,0.52,0.0449466862358123,0.00541094516587667,0.511376540075301,0.532971286011656
758,"2018-10-30_PC3_WT-TG",38,0.490526315789474,0.46,0.0796596601230799,0.0129225032719596,0.46434283705636,0.516709794522587
760.53,"2018-10-30_PC3+ORAI1mCh-TG",69,0.535797101449275,0.53,0.045160035595693,0.00543662941057121,0.524948476368783,0.546645726529768
763,"2018-10-30_PC3_WT-TG",38,0.575263157894737,0.505,0.145523042516543,0.023606954764306,0.527430924076231,0.623095391713243
765.53,"2018-10-30_PC3+ORAI1mCh-TG",69,0.538840579710145,0.53,0.0444090687573415,0.00534622362709714,0.528172356561797,0.549508802858493
768,"2018-10-30_PC3_WT-TG",38,0.501842105263158,0.46,0.0963904016517372,0.0156365879393098,0.470159368633036,0.533524841893279
770.53,"2018-10-30_PC3+ORAI1mCh-TG",69,0.540144927536232,0.53,0.0461293817820878,0.00555332497815578,0.529063440076189,0.551226414996275
773,"2018-10-30_PC3_WT-TG",38,0.592631578947368,0.505,0.191391550132978,0.0310478092549914,0.529722741841339,0.655540416053397
775.53,"2018-10-30_PC3+ORAI1mCh-TG",69,0.533913043478261,0.53,0.0447285075336665,0.00538467953669369,0.523168082757083,0.544658004199439
778,"2018-10-30_PC3_WT-TG",38,0.477631578947368,0.455,0.0701131984539255,0.011373862693219,0.45458594408284,0.500677213811897
780.53,"2018-10-30_PC3+ORAI1mCh-TG",69,0.529130434782609,0.52,0.0451057297271638,0.00543009175226076,0.518294855396159,0.539966014169058
783,"2018-10-30_PC3_WT-TG",38,0.485,0.46,0.0838837677175178,0.0136077440089385,0.457428091650259,0.512571908349741
785.53,"2018-10-30_PC3+ORAI1mCh-TG",69,0.512028985507246,0.51,0.0431679248484378,0.00519680745882156,0.501658917680545,0.522399053333948
788,"2018-10-30_PC3_WT-TG",38,0.477631578947368,0.455,0.0839702074105732,0.0136217663787881,0.450031258577525,0.505231899317212
790.53,"2018-10-30_PC3+ORAI1mCh-TG",69,0.502028985507246,0.49,0.0428259030379336,0.00515563287139007,0.491741080290529,0.512316890723964
793,"2018-10-30_PC3_WT-TG",38,0.482631578947368,0.46,0.0748217416923181,0.0121376892688067,0.458038284432323,0.507224873462414
795.53,"2018-10-30_PC3+ORAI1mCh-TG",69,0.532608695652174,0.53,0.0449068373515739,0.00540614792395311,0.521820895431212,0.543396495873136
798,"2018-10-30_PC3_WT-TG",38,0.444473684210526,0.44,0.0421514238431597,0.00683786387852247,0.430618855956645,0.458328512464408
800.53,"2018-10-30_PC3+ORAI1mCh-TG",69,0.522463768115942,0.52,0.04356893783897,0.00524508374978525,0.511997366450498,0.532930169781386
803,"2018-10-30_PC3_WT-TG",38,0.492368421052632,0.46,0.0891228793546672,0.0144576401441796,0.463074459559308,0.521662382545955
805.53,"2018-10-30_PC3+ORAI1mCh-TG",69,0.518115942028985,0.51,0.0432596593198233,0.00520785099141668,0.507723837176097,0.528508046881874
808,"2018-10-30_PC3_WT-TG",38,0.467368421052632,0.45,0.062544436550228,0.0101460473810008,0.446810576319712,0.487926265785552
810.53,"2018-10-30_PC3+ORAI1mCh-TG",69,0.526811594202899,0.52,0.0434366595516895,0.00522915931532626,0.516376969251668,0.537246219154129
813,"2018-10-30_PC3_WT-TG",38,0.454210526315789,0.44,0.0500071118697465,0.0081122247541553,0.437773597660522,0.470647454971057
815.53,"2018-10-30_PC3+ORAI1mCh-TG",69,0.508115942028985,0.5,0.04226232372717,0.00508778589528231,0.497963423345183,0.518268460712788
818,"2018-10-30_PC3_WT-TG",38,0.438421052631579,0.425,0.0423962208788468,0.00687757520154024,0.424485761594302,0.452356343668856
820.53,"2018-10-30_PC3+ORAI1mCh-TG",69,0.522463768115942,0.51,0.042544295155736,0.00512173126625604,0.512243512498995,0.532684023732889
823,"2018-10-30_PC3_WT-TG",38,0.497105263157895,0.46,0.0921487603042198,0.0149485028519885,0.466816719345626,0.527393806970163
825.53,"2018-10-30_PC3+ORAI1mCh-TG",69,0.540579710144928,0.54,0.0434837379329403,0.00523482688641504,0.530133775731673,0.551025644558182
828,"2018-10-30_PC3_WT-TG",38,0.458684210526316,0.44,0.0626518071019797,0.0101634651844935,0.438091073971236,0.479277347081395
830.53,"2018-10-30_PC3+ORAI1mCh-TG",69,0.521159420289855,0.51,0.043268526527885,0.00520891847782367,0.510765185301007,0.531553655278703
833,"2018-10-30_PC3_WT-TG",38,0.543421052631579,0.48,0.135093087341694,0.0219149926135119,0.499017059770743,0.587825045492415
835.53,"2018-10-30_PC3+ORAI1mCh-TG",69,0.536666666666667,0.54,0.0440142579394539,0.00529869398997825,0.526093287432511,0.547240045900822
838,"2018-10-30_PC3_WT-TG",38,0.482368421052632,0.45,0.0800146679298617,0.0129800931428882,0.456068254157096,0.508668587948167
840.53,"2018-10-30_PC3+ORAI1mCh-TG",69,0.535652173913044,0.53,0.0430621391257675,0.0051840723543536,0.525307518591647,0.54599682923444
843,"2018-10-30_PC3_WT-TG",38,0.482631578947368,0.46,0.077378822807414,0.0125525026012442,0.457197792784574,0.508065365110163
845.53,"2018-10-30_PC3+ORAI1mCh-TG",69,0.524347826086957,0.52,0.0429595658343423,0.00517172398116156,0.514027811560618,0.534667840613295
848,"2018-10-30_PC3_WT-TG",38,0.467368421052632,0.45,0.0585262339203455,0.00949420883998989,0.44813132665862,0.486605515446643
850.53,"2018-10-30_PC3+ORAI1mCh-TG",69,0.543768115942029,0.54,0.0439284662255301,0.00528836588130984,0.533215346127842,0.554320885756216
853,"2018-10-30_PC3_WT-TG",38,0.478157894736842,0.45,0.089105320712244,0.0144547917562526,0.448869704625668,0.507446084848016
855.53,"2018-10-30_PC3+ORAI1mCh-TG",69,0.540579710144928,0.54,0.0432463550987423,0.00520624935141219,0.530190801314908,0.550968618974947
858,"2018-10-30_PC3_WT-TG",38,0.499210526315789,0.46,0.100522461627277,0.0163068965807394,0.4661696153685,0.532251437263079
860.53,"2018-10-30_PC3+ORAI1mCh-TG",69,0.515942028985507,0.51,0.0419144380774941,0.00504590538456978,0.505873081559664,0.526010976411351
863,"2018-10-30_PC3_WT-TG",38,0.501052631578947,0.465,0.0886166805627965,0.0143755238567877,0.471925053488229,0.530180209669666
865.53,"2018-10-30_PC3+ORAI1mCh-TG",69,0.525072463768116,0.52,0.0410746518515122,0.00494480700334526,0.515205255021024,0.534939672515208
868,"2018-10-30_PC3_WT-TG",38,0.474736842105263,0.45,0.0659949564864624,0.0107057956286968,0.453044839691668,0.496428844518859
870.53,"2018-10-30_PC3+ORAI1mCh-TG",69,0.543623188405797,0.54,0.044224394868096,0.00532399150339765,0.532999328769571,0.554247048042024
873,"2018-10-30_PC3_WT-TG",38,0.482631578947368,0.45,0.0795488702597448,0.0129045307828824,0.456484515936165,0.508778641958572
875.53,"2018-10-30_PC3+ORAI1mCh-TG",69,0.506086956521739,0.5,0.0415231116121367,0.00499879521420269,0.496112015977218,0.516061897066261
878,"2018-10-30_PC3_WT-TG",38,0.523157894736842,0.47,0.106950487740265,0.0173496601118539,0.488004144182087,0.558311645291597
880.53,"2018-10-30_PC3+ORAI1mCh-TG",69,0.530144927536232,0.53,0.0439080842624409,0.00528591218129579,0.51959705400419,0.540692801068274
883,"2018-10-30_PC3_WT-TG",38,0.495789473684211,0.46,0.0823188126325266,0.0133538747710454,0.468731953270884,0.522846994097537
885.53,"2018-10-30_PC3+ORAI1mCh-TG",69,0.525942028985507,0.52,0.0416681159168251,0.00501625168112371,0.515932254603592,0.535951803367422
888,"2018-10-30_PC3_WT-TG",38,0.466315789473684,0.45,0.0562052730348982,0.00911769926676371,0.447841575939202,0.484790003008167
890.53,"2018-10-30_PC3+ORAI1mCh-TG",69,0.508695652173913,0.5,0.0399968029412889,0.00481504924279047,0.49908737100662,0.518303933341206
893,"2018-10-30_PC3_WT-TG",38,0.500526315789474,0.46,0.0882241423237565,0.0143118457458024,0.471527761807294,0.529524869771654
895.53,"2018-10-30_PC3+ORAI1mCh-TG",69,0.541594202898551,0.54,0.0434410753172954,0.00522969091103576,0.531158517164598,0.552029888632504
898,"2018-10-30_PC3_WT-TG",38,0.507894736842105,0.46,0.110872653873513,0.0179859194759005,0.471451802359387,0.544337671324823
900.53,"2018-10-30_PC3+ORAI1mCh-TG",69,0.513768115942029,0.51,0.0414481053734086,0.00498976552416665,0.503811193863435,0.523725038020623
903,"2018-10-30_PC3_WT-TG",38,0.499473684210526,0.465,0.0984459618108867,0.0159700438295468,0.467115301768854,0.531832066652199
905.53,"2018-10-30_PC3+ORAI1mCh-TG",69,0.535507246376812,0.53,0.0426178722480735,0.00513058890728465,0.525269315612386,0.545745177141237
908,"2018-10-30_PC3_WT-TG",38,0.464473684210526,0.45,0.0586191264986536,0.00950927800605552,0.445206056785808,0.483741311635244
910.53,"2018-10-30_PC3+ORAI1mCh-TG",69,0.535942028985507,0.53,0.0427137820635871,0.00514213509224456,0.525681058167718,0.546202999803296
913,"2018-10-30_PC3_WT-TG",38,0.492631578947368,0.46,0.0832996612863013,0.013512989433575,0.465251661604067,0.52001149629067
915.53,"2018-10-30_PC3+ORAI1mCh-TG",69,0.518260869565217,0.51,0.041371932860872,0.00498059543126325,0.50832224612211,0.528199493008325
918,"2018-10-30_PC3_WT-TG",38,0.479736842105263,0.45,0.0781020414345532,0.0126698241547269,0.454065339895051,0.505408344315475
920.53,"2018-10-30_PC3+ORAI1mCh-TG",69,0.512898550724638,0.51,0.040077184696069,0.00482472606891221,0.503270959751464,0.522526141697812
923,"2018-10-30_PC3_WT-TG",38,0.505526315789474,0.46,0.102632837283018,0.0166492447187335,0.471791741625249,0.539260889953699
925.53,"2018-10-30_PC3+ORAI1mCh-TG",69,0.530434782608696,0.53,0.0411036989393432,0.00494830386179346,0.520560595989213,0.540308969228179
928,"2018-10-30_PC3_WT-TG",38,0.486052631578947,0.46,0.0766014421459124,0.0124263948055758,0.460874364081266,0.511230899076629
930.53,"2018-10-30_PC3+ORAI1mCh-TG",69,0.518695652173913,0.51,0.0411922695302615,0.00495896650793947,0.508800188575319,0.528591115772507
933,"2018-10-30_PC3_WT-TG",38,0.443947368421053,0.43,0.0536525092576701,0.00870358629901065,0.426312227460674,0.461582509381431
935.53,"2018-10-30_PC3+ORAI1mCh-TG",69,0.516231884057971,0.51,0.0395229437934981,0.00475800330504117,0.506737436287121,0.525726331828821
938,"2018-10-30_PC3_WT-TG",38,0.465,0.44,0.0639150618800853,0.0103683921698481,0.443991641931724,0.486008358068276
940.53,"2018-10-30_PC3+ORAI1mCh-TG",69,0.545217391304348,0.54,0.0439788951942451,0.00529443681572883,0.534652507129143,0.555782275479553
943,"2018-10-30_PC3_WT-TG",38,0.520789473684211,0.47,0.122195713176177,0.0198227622475264,0.480624742221855,0.560954205146567
945.53,"2018-10-30_PC3+ORAI1mCh-TG",69,0.515217391304348,0.51,0.0401324533356944,0.00483137963124239,0.505576523354261,0.524858259254435
948,"2018-10-30_PC3_WT-TG",38,0.503947368421053,0.47,0.0983798340598539,0.0159593164917981,0.471610721630275,0.53628401521183
950.53,"2018-10-30_PC3+ORAI1mCh-TG",69,0.512028985507246,0.51,0.039391687319002,0.00474220188238593,0.502566068984377,0.521491902030116
953,"2018-10-30_PC3_WT-TG",38,0.522105263157895,0.465,0.128529266721564,0.0208502003044669,0.479858744448337,0.564351781867453
955.53,"2018-10-30_PC3+ORAI1mCh-TG",69,0.532028985507246,0.53,0.0402777018352852,0.00484886549577507,0.522353225057745,0.541704745956748
958,"2018-10-30_PC3_WT-TG",38,0.514210526315789,0.46,0.117050037324015,0.0189880233981105,0.475737136418718,0.552683916212861
960.53,"2018-10-30_PC3+ORAI1mCh-TG",69,0.541159420289855,0.54,0.0433025006710337,0.00521300848402949,0.530757023820694,0.551561816759016
963,"2018-10-30_PC3_WT-TG",38,0.437631578947368,0.43,0.0351394296532893,0.00570036821608104,0.426081535831454,0.449181622063282
965.53,"2018-10-30_PC3+ORAI1mCh-TG",69,0.536666666666667,0.53,0.0423454514074648,0.00509779329198963,0.52649417853365,0.546839154799683
968,"2018-10-30_PC3_WT-TG",38,0.466578947368421,0.45,0.0580901589930256,0.00942346814556056,0.447485187236291,0.485672707500551
970.53,"2018-10-30_PC3+ORAI1mCh-TG",69,0.532753623188406,0.53,0.0405435154012478,0.00488086568867524,0.523014007348172,0.542493239028639
973,"2018-10-30_PC3_WT-TG",38,0.454210526315789,0.44,0.0590296113940887,0.00957586744914572,0.434807975863365,0.473613076768214
975.53,"2018-10-30_PC3+ORAI1mCh-TG",69,0.513478260869565,0.51,0.039587062910402,0.00476572233962875,0.503968410005015,0.522988111734116
978,"2018-10-30_PC3_WT-TG",38,0.472105263157895,0.445,0.0733432468836933,0.0118978457398171,0.447997937793594,0.496212588522195
980.53,"2018-10-30_PC3+ORAI1mCh-TG",69,0.53304347826087,0.53,0.0410990320419181,0.00494774203336567,0.523170412752559,0.54291654376918
983,"2018-10-30_PC3_WT-TG",38,0.534473684210526,0.475,0.134620535127267,0.0218383345217289,0.490225015397491,0.578722353023562
985.53,"2018-10-30_PC3+ORAI1mCh-TG",69,0.513333333333333,0.51,0.0381817120786235,0.00459653798086031,0.504161084600389,0.522505582066277
988,"2018-10-30_PC3_WT-TG",38,0.508947368421053,0.47,0.0971426778391068,0.0157586232515077,0.477017364761132,0.540877372080973
990.53,"2018-10-30_PC3+ORAI1mCh-TG",69,0.518550724637681,0.51,0.0393803236296131,0.00474083385494464,0.509090537971068,0.528010911304294
993,"2018-10-30_PC3_WT-TG",38,0.57921052631579,0.49,0.171706562687586,0.0278544826166585,0.522771983576341,0.635649069055238
995.53,"2018-10-30_PC3+ORAI1mCh-TG",69,0.519130434782609,0.51,0.039732159534548,0.00478318992050644,0.50958572790311,0.528675141662108
998,"2018-10-30_PC3_WT-TG",38,0.459473684210526,0.44,0.0627283878328927,0.0101758882194935,0.438855376195562,0.480091992225491
1000.53,"2018-10-30_PC3+ORAI1mCh-TG",69,0.522173913043478,0.52,0.0394770806633192,0.00475248203298941,0.512690482799469,0.531657343287487
1003,"2018-10-30_PC3_WT-TG",38,0.452105263157895,0.44,0.0571464640194726,0.00927038060583683,0.433321687844937,0.470888838470853
1005.53,"2018-10-30_PC3+ORAI1mCh-TG",69,0.497971014492754,0.49,0.0391670521103452,0.00471515898115868,0.488562061239099,0.507379967746408
1008,"2018-10-30_PC3_WT-TG",38,0.451315789473684,0.45,0.0248423192362461,0.00402995633068792,0.443150322330108,0.459481256617261
1010.53,"2018-10-30_PC3+ORAI1mCh-TG",69,0.519275362318841,0.51,0.0391947940938331,0.00471849872350716,0.509859744713091,0.528690979924591
1013,"2018-10-30_PC3_WT-TG",38,0.437368421052632,0.43,0.0227422942728058,0.00368928729670856,0.429893214938092,0.444843627167172
1015.53,"2018-10-30_PC3+ORAI1mCh-TG",69,0.570869565217391,0.57,0.0527964774458537,0.00635594897724267,0.55818646650355,0.583552663931232
1018,"2018-10-30_PC3_WT-TG",38,0.44421052631579,0.44,0.0223765778785172,0.00362996026349624,0.436855528188798,0.451565524442781
1020.53,"2018-10-30_PC3+ORAI1mCh-TG",69,0.62304347826087,0.6,0.0921843477180067,0.0110976913411874,0.600898379978932,0.645188576542807
1023,"2018-10-30_PC3_WT-TG",38,0.436578947368421,0.43,0.0222122824300861,0.00360330802236644,0.42927795181153,0.443879942925312
1025.53,"2018-10-30_PC3+ORAI1mCh-TG",69,0.675507246376812,0.62,0.168213242046098,0.0202504946440424,0.635098013468538,0.715916479285085
1028,"2018-10-30_PC3_WT-TG",38,0.430526315789474,0.43,0.0222937839380389,0.00361652931281084,0.423198531353533,0.437854100225415
1030.53,"2018-10-30_PC3+ORAI1mCh-TG",69,0.771739130434783,0.67,0.31577149464232,0.038014420762684,0.695882534856545,0.84759572601302
1033,"2018-10-30_PC3_WT-TG",38,0.433684210526316,0.43,0.021488029682364,0.0034858187123731,0.42662127092382,0.440747150128812
1035.53,"2018-10-30_PC3+ORAI1mCh-TG",69,0.913188405797101,0.74,0.510635396441425,0.061473277816391,0.790520389801338,1.03585642179286
1038,"2018-10-30_PC3_WT-TG",38,0.448684210526316,0.45,0.0235005523375664,0.00381229299755788,0.440959771187805,0.456408649864826
1040.53,"2018-10-30_PC3+ORAI1mCh-TG",69,1.04623188405797,0.8,0.648103798534108,0.078022528674656,0.890540352136101,1.20192341597984
1043,"2018-10-30_PC3_WT-TG",38,0.445526315789474,0.44,0.0223845226960508,0.00363124908308717,0.438168706265941,0.452883925313006
1045.53,"2018-10-30_PC3+ORAI1mCh-TG",69,1.21420289855072,0.9,0.796675824907142,0.0959084988142552,1.0228204689068,1.40558532819465
1048,"2018-10-30_PC3_WT-TG",38,0.447368421052632,0.45,0.0226231417664632,0.00366995820779837,0.439932379392359,0.454804462712904
1050.6,"2018-10-30_PC3+ORAI1mCh-TG",69,1.4036231884058,1.02,0.956573189928342,0.115157879508499,1.17382921763725,1.63341715917435
1053,"2018-10-30_PC3_WT-TG",38,0.448157894736842,0.45,0.0229988558067799,0.00373090707335732,0.440598358944543,0.455717430529141
1055.6,"2018-10-30_PC3+ORAI1mCh-TG",69,1.57840579710145,1.12,1.11216617356084,0.133889073577257,1.31123431052011,1.84557728368279
1058,"2018-10-30_PC3_WT-TG",38,0.456578947368421,0.45,0.0243039665086012,0.00394262398613974,0.448590432363147,0.464567462373695
1060.6,"2018-10-30_PC3+ORAI1mCh-TG",69,1.60420289855072,1.14,1.10393734609765,0.132898439163206,1.33900819216503,1.86939760493642
1063,"2018-10-30_PC3_WT-TG",38,0.435,0.43,0.0208922590086971,0.00338917194702283,0.428132885345033,0.441867114654967
1065.6,"2018-10-30_PC3+ORAI1mCh-TG",69,1.78260869565217,1.25,1.23882137079839,0.149136567544446,1.48501130857714,2.0802060827272
1068,"2018-10-30_PC3_WT-TG",38,0.432105263157895,0.43,0.0210736026418658,0.00341858976890847,0.425178542333944,0.439031983981845
1070.6,"2018-10-30_PC3+ORAI1mCh-TG",69,1.69782608695652,1.26,1.1318047399218,0.136253279142004,1.42593690162322,1.96971527228983
1073,"2018-10-30_PC3_WT-TG",38,0.440789473684211,0.44,0.0224669822541301,0.00364462578978461,0.433404760378387,0.448174186990034
1075.6,"2018-10-30_PC3+ORAI1mCh-TG",69,1.90507246376812,1.5,1.25951393891407,0.151627660009588,1.60250417907358,2.20764074846266
1078,"2018-10-30_PC3_WT-TG",38,0.448684210526316,0.445,0.0231529640425255,0.00375590673036794,0.441074020617404,0.456294400435228
1080.6,"2018-10-30_PC3+ORAI1mCh-TG",69,1.96666666666667,1.62,1.31100059077775,0.157825924516727,1.65172993771935,2.28160339561399
1083,"2018-10-30_PC3_WT-TG",38,0.44421052631579,0.44,0.0218881158607067,0.00355072126079863,0.437016081658842,0.451404970972737
1085.6,"2018-10-30_PC3+ORAI1mCh-TG",69,1.80884057971015,1.53,1.14591542680422,0.137952006219969,1.53356163726978,2.08411952215051
1088,"2018-10-30_PC3_WT-TG",38,0.433421052631579,0.43,0.0204379503639244,0.0033154733530358,0.426703265512284,0.440138839750874
1090.6,"2018-10-30_PC3+ORAI1mCh-TG",69,1.88695652173913,1.58,1.2193239500398,0.146789353913451,1.59404292654018,2.17987011693808
1093,"2018-10-30_PC3_WT-TG",38,0.437368421052632,0.43,0.0222618581248124,0.00361135026201848,0.430051130370372,0.444685711734892
1095.66,"2018-10-30_PC3+ORAI1mCh-TG",69,1.93173913043478,1.68,1.23276584833806,0.148407568307179,1.63559643868876,2.22788182218081
1098,"2018-10-30_PC3_WT-TG",38,0.448421052631579,0.445,0.0228421511494056,0.00370548622114025,0.440913024378446,0.455929080884712
1100.66,"2018-10-30_PC3+ORAI1mCh-TG",69,2.04652173913043,1.82,1.31749966635441,0.158608321274292,1.73002376176134,2.36301971649953
1103,"2018-10-30_PC3_WT-TG",38,0.434210526315789,0.43,0.0202192815317818,0.00328000058432862,0.427564613853092,0.440856438778487
1105.66,"2018-10-30_PC3+ORAI1mCh-TG",69,1.92971014492754,1.73,1.19959671043634,0.144414473344761,1.64153555011926,2.21788473973581
1108,"2018-10-30_PC3_WT-TG",38,0.435526315789474,0.43,0.0202280736709683,0.00328142685764225,0.428877513422538,0.44217511815641
1110.73,"2018-10-30_PC3+ORAI1mCh-TG",69,1.87768115942029,1.67,1.16866457841662,0.140690682243806,1.59693727406111,2.15842504477947
1113,"2018-10-30_PC3_WT-TG",38,0.436315789473684,0.435,0.020719628066105,0.00336116751018438,0.42950541719757,0.443126161749798
1115.73,"2018-10-30_PC3+ORAI1mCh-TG",69,2.07826086956522,1.82,1.33130183580025,0.160269907217464,1.75844724906962,2.39807449006081
1118,"2018-10-30_PC3_WT-TG",38,0.459210526315789,0.45,0.0257200709245553,0.00417234645696536,0.45075654937154,0.467664503260039
1120.73,"2018-10-30_PC3+ORAI1mCh-TG",69,1.87188405797101,1.62,1.159632643863,0.139603365097554,1.59330988019579,2.15045823574624
1123,"2018-10-30_PC3_WT-TG",38,0.446315789473684,0.44,0.0235292862518617,0.00381695425396952,0.438581905532564,0.454049673414804
1125.73,"2018-10-30_PC3+ORAI1mCh-TG",69,1.96101449275362,1.69,1.19938972830982,0.144389555624887,1.6728896204812,2.24913936502605
1128,"2018-10-30_PC3_WT-TG",38,0.431052631578947,0.43,0.0215343187674817,0.00349332779354374,0.423974477132779,0.438130786025116
1130.73,"2018-10-30_PC3+ORAI1mCh-TG",69,1.89115942028986,1.62,1.17064529242722,0.140929132189691,1.60993971547196,2.17237912510775
1133,"2018-10-30_PC3_WT-TG",38,0.438684210526316,0.44,0.0240687138667134,0.00390446096824795,0.43077302114026,0.446595399912371
1135.73,"2018-10-30_PC3+ORAI1mCh-TG",69,1.95333333333333,1.65,1.20208846041656,0.144714444791807,1.66456015482216,2.2421065118445
1138,"2018-10-30_PC3_WT-TG",38,0.438684210526316,0.43,0.0247332856618395,0.00401226874929672,0.430554581826844,0.446813839225788
1140.73,"2018-10-30_PC3+ORAI1mCh-TG",69,1.92521739130435,1.56,1.20593094219369,0.145177025238512,1.63552114788349,2.21491363472521
1143,"2018-10-30_PC3_WT-TG",38,0.46,0.46,0.0271133755761826,0.00439837031762045,0.451088055212827,0.468911944787174
1145.73,"2018-10-30_PC3+ORAI1mCh-TG",69,1.94869565217391,1.53,1.25457622683973,0.151033229329226,1.64731353543392,2.2500777689139
1148,"2018-10-30_PC3_WT-TG",38,0.478684210526316,0.47,0.0325635389397222,0.00528250356384866,0.467980841619321,0.48938757943331
1150.73,"2018-10-30_PC3+ORAI1mCh-TG",69,1.96492753623188,1.51,1.26134921132376,0.151848600844273,1.66191837096605,2.26793670149772
1153,"2018-10-30_PC3_WT-TG",38,0.477368421052632,0.475,0.0342237637153623,0.0055518275863495,0.466119349841133,0.48861749226413
1155.73,"2018-10-30_PC3+ORAI1mCh-TG",69,1.89579710144928,1.43,1.19807493357555,0.144231272939169,1.60798807735859,2.18360612553997
1158,"2018-10-30_PC3_WT-TG",38,0.468421052631579,0.46,0.0368727773156583,0.00598155433718424,0.456301272316377,0.480540832946781
1160.73,"2018-10-30_PC3+ORAI1mCh-TG",69,1.81855072463768,1.34,1.14663609715591,0.138038764735051,1.54309865827593,2.09400279099943
1163.03,"2018-10-30_PC3_WT-TG",38,0.548947368421053,0.515,0.111616851233916,0.0181066442293067,0.512259822352882,0.585634914489223
1165.73,"2018-10-30_PC3+ORAI1mCh-TG",69,1.8804347826087,1.42,1.19023654937927,0.143287642370885,1.59450874399976,2.16636082121763
1168.03,"2018-10-30_PC3_WT-TG",38,0.532631578947368,0.515,0.0913172139873557,0.0148136082267308,0.502616357608101,0.562646800286636
1170.73,"2018-10-30_PC3+ORAI1mCh-TG",69,1.82811594202899,1.36,1.14923923092156,0.138352145214125,1.55203853465753,2.10419334940044
1173.03,"2018-10-30_PC3_WT-TG",38,0.592368421052632,0.56,0.123800934601684,0.0200831635484017,0.551676066437079,0.633060775668184
1175.73,"2018-10-30_PC3+ORAI1mCh-TG",69,1.94057971014493,1.42,1.27217493716813,0.15315186508532,1.63496992157664,2.24618949871322
1178.03,"2018-10-30_PC3_WT-TG",38,0.55078947368421,0.54,0.0830623855075328,0.0134744982195432,0.523487546948673,0.578091400419748
1180.73,"2018-10-30_PC3+ORAI1mCh-TG",69,1.92971014492754,1.46,1.25372969576485,0.150931318963613,1.62853138715592,2.23088890269915
1183.03,"2018-10-30_PC3_WT-TG",38,0.550526315789474,0.535,0.100106628784513,0.0162394395860334,0.517622085696436,0.583430545882511
1185.73,"2018-10-30_PC3+ORAI1mCh-TG",69,1.77144927536232,1.36,1.15850851803505,0.139468036250779,1.49314514209636,2.04975340862828
1188.03,"2018-10-30_PC3_WT-TG",38,0.570789473684211,0.55,0.113313284423065,0.018381842032104,0.53354432390217,0.608034623466251
1190.73,"2018-10-30_PC3+ORAI1mCh-TG",69,1.86463768115942,1.41,1.25740580247137,0.151373870205512,1.56257582613403,2.16669953618481
1193.03,"2018-10-30_PC3_WT-TG",38,0.668157894736842,0.635,0.161007894101549,0.0261189293944246,0.61523591685547,0.721079872618215
1195.73,"2018-10-30_PC3+ORAI1mCh-TG",69,1.90782608695652,1.45,1.29044551080946,0.155351383679498,1.59782722736945,2.2178249465436
1198.03,"2018-10-30_PC3_WT-TG",38,0.697368421052632,0.665,0.20232011310052,0.0328206562705029,0.630867454685669,0.763869387419594
1200.73,"2018-10-30_PC3+ORAI1mCh-TG",69,1.79101449275362,1.36,1.18590886581649,0.142766650493296,1.50612807724995,2.0759009082573
1203.03,"2018-10-30_PC3_WT-TG",38,0.80578947368421,0.735,0.313348364801924,0.0508318170471688,0.702794429101163,0.908784518267258
1205.73,"2018-10-30_PC3+ORAI1mCh-TG",69,1.82652173913043,1.39,1.2195645631885,0.146818320332622,1.53355034234197,2.1194931359189
1208.03,"2018-10-30_PC3_WT-TG",38,0.749210526315789,0.68,0.395900489673908,0.0642235400612661,0.619081273494604,0.879339779136975
1210.73,"2018-10-30_PC3+ORAI1mCh-TG",69,1.8495652173913,1.37,1.26431385109335,0.152205501532027,1.54584386789145,2.15328656689116
1213.03,"2018-10-30_PC3_WT-TG",38,0.773157894736842,0.715,0.303209010626627,0.0491869966035039,0.673495572939784,0.8728202165339
1215.73,"2018-10-30_PC3+ORAI1mCh-TG",69,1.85391304347826,1.41,1.27149659085766,0.153070201786047,1.54846621148651,2.15935987547001
1218.03,"2018-10-30_PC3_WT-TG",38,0.882105263157895,0.785,0.387432002018118,0.0628497699589155,0.754759532964027,1.00945099335176
1220.73,"2018-10-30_PC3+ORAI1mCh-TG",69,1.86550724637681,1.38,1.2983842178464,0.156307091698538,1.55360130113022,2.1774131916234
1223.03,"2018-10-30_PC3_WT-TG",38,0.932368421052632,0.84,0.532944062834884,0.0864549432562773,0.757194066635153,1.10754277547011
1225.73,"2018-10-30_PC3+ORAI1mCh-TG",69,1.84304347826087,1.39,1.26294975023207,0.152041283086147,1.53964982156773,2.14643713495401
1228.03,"2018-10-30_PC3_WT-TG",38,0.843157894736842,0.78,0.358300080056398,0.0581239481780148,0.725387589017054,0.96092820045663
1230.73,"2018-10-30_PC3+ORAI1mCh-TG",69,1.84623188405797,1.38,1.28907753320563,0.155186698528659,1.53656164857286,2.15590211954308
1233.03,"2018-10-30_PC3_WT-TG",38,0.839736842105263,0.78,0.320223628296676,0.0519471320619359,0.734481954645391,0.944991729565135
1235.73,"2018-10-30_PC3+ORAI1mCh-TG",69,1.66811594202899,1.26,1.116637909823,0.134427407361952,1.39987022710555,1.93636165695242
1238.03,"2018-10-30_PC3_WT-TG",38,0.937105263157895,0.85,0.431238993716107,0.0699562024076268,0.795360533097422,1.07884999321837
1240.73,"2018-10-30_PC3+ORAI1mCh-TG",69,1.85188405797101,1.35,1.30545718311555,0.157158576656311,1.53827900094561,2.16548911499642
1243.03,"2018-10-30_PC3_WT-TG",38,0.960789473684211,0.88,0.402977979271937,0.0653716604818966,0.828333907920094,1.09324503944833
1245.73,"2018-10-30_PC3+ORAI1mCh-TG",69,1.79623188405797,1.3,1.28610572871714,0.154828935310108,1.48727555396029,2.10518821415565
1248.03,"2018-10-30_PC3_WT-TG",38,0.910263157894737,0.84,0.355029399940611,0.0575933738015678,0.793567897977582,1.02695841781189
1250.73,"2018-10-30_PC3+ORAI1mCh-TG",69,1.85101449275362,1.3,1.32218195878624,0.159172003043095,1.53339170592767,2.16863727957957
1253.03,"2018-10-30_PC3_WT-TG",38,1.01526315789474,0.93,0.384213741485797,0.0623276991617934,0.888975243615165,1.14155107217431
1255.73,"2018-10-30_PC3+ORAI1mCh-TG",69,1.75275362318841,1.22,1.25405446459494,0.150970416536279,1.45149684742524,2.05401039895157
1258.03,"2018-10-30_PC3_WT-TG",38,0.954473684210526,0.895,0.335057053378215,0.0543534313588998,0.844343171251353,1.0646041971697
1260.73,"2018-10-30_PC3+ORAI1mCh-TG",69,1.88768115942029,1.25,1.36952132570164,0.164870993113745,1.55868621496783,2.21667610387275
1263.03,"2018-10-30_PC3_WT-TG",38,1.09657894736842,0.995,0.451617371627375,0.0732620118327325,0.948136011166589,1.24502188357025
1265.73,"2018-10-30_PC3+ORAI1mCh-TG",69,1.74869565217391,1.19,1.254252663639,0.150994276897279,1.44739126380168,2.05000004054615
1268.03,"2018-10-30_PC3_WT-TG",38,1.05894736842105,0.965,0.418309270520865,0.0678587243360674,0.921452532620543,1.19644220422156
1270.73,"2018-10-30_PC3+ORAI1mCh-TG",69,1.71739130434783,1.18,1.23129135006578,0.148230059574797,1.42160282576232,2.01317978293333
1273.03,"2018-10-30_PC3_WT-TG",38,0.971052631578947,0.885,0.34467210798078,0.0559131991807778,0.85776172881501,1.08434353434288
1275.73,"2018-10-30_PC3+ORAI1mCh-TG",69,1.81014492753623,1.22,1.31180891357924,0.157923235146753,1.49501401825,2.12527583682247
1278.03,"2018-10-30_PC3_WT-TG",38,1.20526315789474,1.07,0.509927058069995,0.0827210920331435,1.03765430468364,1.37287201110583
1280.73,"2018-10-30_PC3+ORAI1mCh-TG",69,1.78202898550725,1.17,1.31335401314854,0.158109243276505,1.4665269027771,2.0975310682374
1283.03,"2018-10-30_PC3_WT-TG",38,1.29657894736842,1.195,0.498116866325344,0.0808052259444994,1.13285200758631,1.46030588715053
1285.73,"2018-10-30_PC3+ORAI1mCh-TG",69,1.78797101449275,1.17,1.30928536828992,0.157619435994298,1.47344632697664,2.10249570200887
1288.03,"2018-10-30_PC3_WT-TG",38,1.16342105263158,1.06,0.495112743457485,0.0803178928636238,1.00068154346492,1.32616056179823
1290.73,"2018-10-30_PC3+ORAI1mCh-TG",69,1.76246376811594,1.12,1.28155627564244,0.154281245520637,1.45460033597721,2.07032720025467
1293.03,"2018-10-30_PC3_WT-TG",38,1.12631578947368,1.04,0.413125339613102,0.0670177796971664,0.990524869362341,1.26210670958503
1295.73,"2018-10-30_PC3+ORAI1mCh-TG",69,1.80304347826087,1.15,1.33090339105329,0.160221940106693,1.48332557464455,2.12276138187719
1298.03,"2018-10-30_PC3_WT-TG",38,1.06263157894737,0.975,0.42794091667543,0.0694211836630895,0.921970899834657,1.20329225806008
1300.73,"2018-10-30_PC3+ORAI1mCh-TG",69,1.89101449275362,1.2,1.41166687551771,0.169944721082122,1.55189508177374,2.23013390373351
1303.03,"2018-10-30_PC3_WT-TG",38,1.34526315789474,1.245,0.579187393668364,0.0939566021019045,1.15488899886403,1.53563731692544
1305.73,"2018-10-30_PC3+ORAI1mCh-TG",69,1.93507246376812,1.18,1.46554107975058,0.176430413118013,1.58301105583179,2.28713387170444
1308.03,"2018-10-30_PC3_WT-TG",38,1.15342105263158,1.085,0.444037229482427,0.0720323504016058,1.00746964715357,1.29937245810958
1310.73,"2018-10-30_PC3+ORAI1mCh-TG",69,1.74623188405797,1.11,1.29168050758473,0.155500059819847,1.43593634585198,2.05652742226396
1313.03,"2018-10-30_PC3_WT-TG",38,1.29263157894737,1.18,0.508589380438421,0.0825040920667347,1.12546240943269,1.45980074846205
1315.73,"2018-10-30_PC3+ORAI1mCh-TG",69,1.75739130434783,1.1,1.32299421119839,0.159269786742652,1.43957339318741,2.07520921550825
1318.03,"2018-10-30_PC3_WT-TG",38,1.41973684210526,1.295,0.682913024584035,0.11078312135673,1.19526891658142,1.64420476762911
1320.73,"2018-10-30_PC3+ORAI1mCh-TG",69,1.69028985507246,1.06,1.21932113587667,0.146789015128022,1.39737693590931,1.98320277423562
1323.03,"2018-10-30_PC3_WT-TG",38,0.978947368421053,0.91,0.359863258367143,0.0583775291850648,0.860663258776013,1.09723147806609
1325.73,"2018-10-30_PC3+ORAI1mCh-TG",69,1.64768115942029,1.05,1.18514971122731,0.142675259020452,1.36297711276127,1.93238520607931
1328.03,"2018-10-30_PC3_WT-TG",38,1.17526315789474,1.105,0.446583044195289,0.0724453360822619,1.02847496394325,1.32205135184623
1330.73,"2018-10-30_PC3+ORAI1mCh-TG",69,1.64202898550725,1.04,1.18454332191796,0.142602258326144,1.35747060946569,1.9265873615488
1333.03,"2018-10-30_PC3_WT-TG",38,1.16289473684211,1.08,0.479385349113345,0.0777665726024335,1.00532469355945,1.32046478012476
1335.73,"2018-10-30_PC3+ORAI1mCh-TG",69,1.76565217391304,1.12,1.32439162310681,0.15943801536736,1.44749856775864,2.08380578006744
1338.03,"2018-10-30_PC3_WT-TG",38,1.34789473684211,1.195,0.634389077880217,0.102911497763563,1.13937623571454,1.55641323796967
1340.73,"2018-10-30_PC3+ORAI1mCh-TG",69,1.75768115942029,1.11,1.30376394575761,0.156954734832499,1.44448286242123,2.07087945641935
1343.03,"2018-10-30_PC3_WT-TG",38,1.06552631578947,0.99,0.445370767911842,0.0722486789007581,0.919136587136947,1.211916044442
1345.73,"2018-10-30_PC3+ORAI1mCh-TG",69,1.78942028985507,1.12,1.33779766787452,0.161051913503227,1.46804620011206,2.11079437959809
1348.03,"2018-10-30_PC3_WT-TG",38,1.27868421052632,1.1,0.661824550330093,0.107362119093776,1.06114789400367,1.49622052704896
1350.73,"2018-10-30_PC3+ORAI1mCh-TG",69,1.77623188405797,1.1,1.35579160884537,0.163218129437377,1.45053517771959,2.10192859039635
1353.03,"2018-10-30_PC3_WT-TG",38,1.07684210526316,0.995,0.49004194670516,0.0794953010081965,0.91576932551412,1.2379148850122
1355.73,"2018-10-30_PC3+ORAI1mCh-TG",69,1.69565217391304,1.07,1.2610190536659,0.151808854532979,1.39272232117653,1.99858202664955
1358.03,"2018-10-30_PC3_WT-TG",38,1.15157894736842,1.03,0.543947167127368,0.0882398824714541,0.972787962566186,1.33036993217066
1360.73,"2018-10-30_PC3+ORAI1mCh-TG",69,1.80072463768116,1.09,1.4194389103161,0.170880364121538,1.45973818008521,2.14171109527711
1363.03,"2018-10-30_PC3_WT-TG",38,1.08315789473684,0.985,0.522173758297856,0.0847077691482695,0.911523651328609,1.25479213814508
1365.73,"2018-10-30_PC3+ORAI1mCh-TG",69,1.67405797101449,1.06,1.26711032859228,0.152542157861371,1.36966483426886,1.97845110776013
1368.03,"2018-10-30_PC3_WT-TG",38,1.07078947368421,0.96,0.474167159366122,0.076920070445909,0.914934606691042,1.22664434067738
1370.73,"2018-10-30_PC3+ORAI1mCh-TG",69,1.72289855072464,1.05,1.33608636284054,0.160845896586821,1.40193556133766,2.04386154011162
1373.03,"2018-10-30_PC3_WT-TG",38,1.02473684210526,0.935,0.453328452265023,0.0735395857654411,0.875731487693044,1.17374219651748
1375.73,"2018-10-30_PC3+ORAI1mCh-TG",69,1.67782608695652,1.03,1.27214370900786,0.153148105656606,1.37222380021143,1.98342837370161
1378.03,"2018-10-30_PC3_WT-TG",38,1.11789473684211,0.96,0.57603564967915,0.0934453217129338,0.928556530282029,1.30723294340218
1380.73,"2018-10-30_PC3+ORAI1mCh-TG",69,1.62304347826087,1,1.22780088482935,0.147809856939643,1.32809350097872,1.91799345554302
1383.03,"2018-10-30_PC3_WT-TG",38,1.07631578947368,0.91,0.573926358646612,0.0931031495240572,0.887670889623767,1.2649606893236
1385.73,"2018-10-30_PC3+ORAI1mCh-TG",69,1.66710144927536,1,1.27310193373286,0.153263462357572,1.36126897181746,1.97293392673327
1388.03,"2018-10-30_PC3_WT-TG",38,0.993421052631579,0.85,0.506232914644171,0.0821218228367454,0.827026434149554,1.1598156711136
1390.73,"2018-10-30_PC3+ORAI1mCh-TG",69,1.68057971014493,1,1.27279322757882,0.153226298503865,1.37482139200247,1.98633802828739
1393.03,"2018-10-30_PC3_WT-TG",38,0.960263157894737,0.815,0.495141185664361,0.0803225067988435,0.797514300007316,1.12301201578216
1395.73,"2018-10-30_PC3+ORAI1mCh-TG",69,1.60478260869565,0.97,1.20124764637788,0.144613222676473,1.3162114157708,1.8933538016205
1398.03,"2018-10-30_PC3_WT-TG",38,0.926578947368421,0.79,0.470843270622777,0.0763808644902832,0.771816615418562,1.08134127931828
1400.73,"2018-10-30_PC3+ORAI1mCh-TG",69,1.64101449275362,0.97,1.25956125055692,0.151633355662073,1.3384348425615,1.94359414294574
1403.03,"2018-10-30_PC3_WT-TG",38,1.11605263157895,0.915,0.570654150354847,0.0925723272447311,0.928483279830609,1.30362198332729
1405.73,"2018-10-30_PC3+ORAI1mCh-TG",69,1.60927536231884,0.98,1.23030044016107,0.148110768040588,1.31372492628363,1.90482579835405
1408.03,"2018-10-30_PC3_WT-TG",38,0.992105263157895,0.83,0.576401501839561,0.0935046707703195,0.802646803985055,1.18156372233073
1410.73,"2018-10-30_PC3+ORAI1mCh-TG",69,1.59695652173913,0.97,1.21916111991694,0.146769751470203,1.30408204260666,1.8898310008716
1413.03,"2018-10-30_PC3_WT-TG",38,0.958421052631579,0.795,0.504158524596368,0.0817853123352113,0.792708269191492,1.12413383607167
1415.73,"2018-10-30_PC3+ORAI1mCh-TG",69,1.64028985507246,0.99,1.24767309422085,0.150202189819938,1.34056605185405,1.94001365829088
1418.03,"2018-10-30_PC3_WT-TG",38,0.898684210526316,0.755,0.475230647004234,0.0770925909219185,0.742479783844938,1.05488863720769
1420.73,"2018-10-30_PC3+ORAI1mCh-TG",69,1.57855072463768,0.96,1.19011897003213,0.143273487480876,1.29265293167199,1.86444851760337
1423.03,"2018-10-30_PC3_WT-TG",38,1.065,0.855,0.601497006350529,0.0975756991760822,0.867292853754627,1.26270714624537
1425.73,"2018-10-30_PC3+ORAI1mCh-TG",69,1.6431884057971,0.98,1.26458606660978,0.152238272429196,1.33940166299009,1.94697514860411
1428.03,"2018-10-30_PC3_WT-TG",38,0.981315789473684,0.79,0.559889810841825,0.0908261207913948,0.797284588079989,1.16534699086738
1430.73,"2018-10-30_PC3+ORAI1mCh-TG",69,1.60826086956522,0.99,1.19690281255873,0.144090166150639,1.32073341968705,1.89578831944338
1433.03,"2018-10-30_PC3_WT-TG",38,0.900526315789474,0.75,0.472331464971662,0.0766222814924779,0.74527482652932,1.05577780504963
1435.73,"2018-10-30_PC3+ORAI1mCh-TG",69,1.6704347826087,1.01,1.28244531448898,0.154388273220603,1.36235778001988,1.97851178519751
1438.03,"2018-10-30_PC3_WT-TG",38,0.963684210526316,0.765,0.571926195638448,0.0927786802383795,0.775696747897524,1.15167167315511
1440.73,"2018-10-30_PC3+ORAI1mCh-TG",69,1.65724637681159,1.02,1.29001126768674,0.155299106950722,1.34735183381263,1.96714091981056
1443.03,"2018-10-30_PC3_WT-TG",38,1.01447368421053,0.82,0.620264535406755,0.100620194410696,0.810597804667051,1.218349563754
1445.73,"2018-10-30_PC3+ORAI1mCh-TG",69,1.56652173913043,1,1.18513814792518,0.142673866962461,1.28182047027989,1.85122300798098
1448.03,"2018-10-30_PC3_WT-TG",38,0.975263157894737,0.795,0.596905247775717,0.0968308175745868,0.779065285136162,1.17146103065331
1450.73,"2018-10-30_PC3+ORAI1mCh-TG",69,1.64057971014493,1.02,1.2557642201628,0.151176246918885,1.33891220624813,1.94224721404173
1453.03,"2018-10-30_PC3_WT-TG",38,0.925526315789474,0.745,0.563707310331518,0.0914454009837787,0.740240333537467,1.11081229804148
1455.73,"2018-10-30_PC3+ORAI1mCh-TG",69,1.58101449275362,1,1.18603658425811,0.142782025986844,1.29609739593027,1.86593158957698
1458.03,"2018-10-30_PC3_WT-TG",38,0.998157894736842,0.79,0.659442251075525,0.106975659123141,0.781404620493963,1.21491116897972
1460.73,"2018-10-30_PC3+ORAI1mCh-TG",69,1.62971014492754,1,1.26242876446029,0.151978563769566,1.32644164268204,1.93297864717303
1463.03,"2018-10-30_PC3_WT-TG",38,0.880789473684211,0.73,0.496633975712645,0.0805646693219259,0.717549947917692,1.04402899945073
1465.73,"2018-10-30_PC3+ORAI1mCh-TG",69,1.54188405797101,0.97,1.15802605294567,0.139409954279411,1.26369582547439,1.82007229046763
1468.03,"2018-10-30_PC3_WT-TG",38,0.891052631578947,0.705,0.608608468085451,0.0987293306050383,0.69100800602711,1.09109725713079
1470.73,"2018-10-30_PC3+ORAI1mCh-TG",69,1.60507246376812,0.99,1.24116480299805,0.149418683628951,1.3069121228114,1.90323280472483
1473.03,"2018-10-30_PC3_WT-TG",38,1.00684210526316,0.81,0.588057292957798,0.0953954897699232,0.813552482884369,1.20013172764195
1475.73,"2018-10-30_PC3+ORAI1mCh-TG",69,1.55507246376812,0.98,1.18719841147181,0.142921893547104,1.26987626557375,1.84026866196249
1478.03,"2018-10-30_PC3_WT-TG",38,1.04710526315789,0.825,0.602844195257228,0.0977942420750584,0.848955306937767,1.24525521937802
1480.73,"2018-10-30_PC3+ORAI1mCh-TG",69,1.53115942028986,0.95,1.17467584543928,0.141414353752455,1.2489714709186,1.81334736966111
1483.03,"2018-10-30_PC3_WT-TG",38,0.862894736842105,0.695,0.568525394116511,0.0922269973825073,0.676025089857864,1.04976438382635
1485.73,"2018-10-30_PC3+ORAI1mCh-TG",69,1.56275362318841,0.99,1.18032134714384,0.142093992291255,1.27920947622837,1.84629777014844
1488.03,"2018-10-30_PC3_WT-TG",38,0.889473684210526,0.72,0.572131847252112,0.092812041335406,0.701418625578381,1.07752874284267
1490.73,"2018-10-30_PC3+ORAI1mCh-TG",69,1.61014492753623,1.01,1.26208218800337,0.151936840867139,1.30695968204626,1.91333017302621
1493.03,"2018-10-30_PC3_WT-TG",38,0.977631578947368,0.77,0.669006662636101,0.108527211558777,0.757734560853409,1.19752859704133
1495.73,"2018-10-30_PC3+ORAI1mCh-TG",69,1.58666666666667,1.01,1.21797767132371,0.146627281001724,1.29407648292769,1.87925685040564
1498.03,"2018-10-30_PC3_WT-TG",38,0.945526315789474,0.745,0.604700941803874,0.098095446138535,0.746766062166096,1.14428656941285
1500.73,"2018-10-30_PC3+ORAI1mCh-TG",69,1.4731884057971,0.93,1.12151091987239,0.135014048833843,1.20377206604262,1.74260474555159
1503.03,"2018-10-30_PC3_WT-TG",38,0.965,0.765,0.615527679576089,0.0998517749261538,0.762681086224548,1.16731891377545
1505.73,"2018-10-30_PC3+ORAI1mCh-TG",69,1.64666666666667,1.03,1.30141062230302,0.156671427980831,1.33403369968817,1.95929963364516
1508.03,"2018-10-30_PC3_WT-TG",38,1.01289473684211,0.765,0.705679308126217,0.114476300226808,0.780943720127089,1.24484575355712
1510.73,"2018-10-30_PC3+ORAI1mCh-TG",69,1.54985507246377,0.97,1.19535312620756,0.143903605837238,1.26269989789483,1.8370102470327
1513.03,"2018-10-30_PC3_WT-TG",38,0.925263157894737,0.725,0.642708528962055,0.104261090941086,0.714010121242715,1.13651619454676
1515.73,"2018-10-30_PC3+ORAI1mCh-TG",69,1.6104347826087,1,1.26948858946128,0.152828466824945,1.30547032522146,1.91539923999593
1518.03,"2018-10-30_PC3_WT-TG",38,0.853684210526316,0.68,0.598856663140019,0.0971473789482002,0.65684492349844,1.05052349755419
1520.73,"2018-10-30_PC3+ORAI1mCh-TG",69,1.69144927536232,1.08,1.33004784894281,0.160118944939873,1.37193689540148,2.01096165532316
1523.03,"2018-10-30_PC3_WT-TG",38,0.807105263157895,0.65,0.551606537673352,0.0894823964463907,0.625796705904435,0.988413820411354
1525.73,"2018-10-30_PC3+ORAI1mCh-TG",69,1.57014492753623,0.97,1.22947800108734,0.148011758011085,1.2747920629388,1.86549779213366
1528.03,"2018-10-30_PC3_WT-TG",38,0.857894736842105,0.685,0.541470260193718,0.0878380751086688,0.679917891089936,1.03587158259427
1530.73,"2018-10-30_PC3+ORAI1mCh-TG",69,1.66376811594203,1.08,1.30118848552038,0.156644685854751,1.35118851204529,1.97634771983877
1533.03,"2018-10-30_PC3_WT-TG",38,0.935526315789474,0.725,0.635285410931824,0.103056902185001,0.726713197319097,1.14433943425985
1535.73,"2018-10-30_PC3+ORAI1mCh-TG",69,1.60014492753623,0.99,1.26228258786545,0.151960966175495,1.29691154074297,1.90337831432949
1538.03,"2018-10-30_PC3_WT-TG",38,0.828157894736842,0.65,0.613593118390346,0.0995379476613381,0.626474855400053,1.02984093407363
1540.73,"2018-10-30_PC3+ORAI1mCh-TG",69,1.5731884057971,0.99,1.21013914216218,0.145683632981675,1.28248124236434,1.86389556922986
1543.03,"2018-10-30_PC3_WT-TG",38,0.923947368421053,0.715,0.651715156954093,0.105722158933551,0.709733926814726,1.13816081002738
1545.73,"2018-10-30_PC3+ORAI1mCh-TG",69,1.58942028985507,0.98,1.23649871441855,0.148856952574735,1.29238086576486,1.88645971394528
1548.03,"2018-10-30_PC3_WT-TG",38,0.848947368421053,0.67,0.567482774943656,0.0920578622185886,0.662420421831176,1.03547431501093
1550.73,"2018-10-30_PC3+ORAI1mCh-TG",69,1.57797101449275,1,1.22062493602318,0.146945974220913,1.28474488833623,1.87119714064928
1553.03,"2018-10-30_PC3_WT-TG",38,0.973157894736842,0.745,0.669308256308717,0.108576136512953,0.753161745269478,1.19315404420421
1555.73,"2018-10-30_PC3+ORAI1mCh-TG",69,1.56391304347826,0.98,1.20567191102441,0.145145841550223,1.27427902613855,1.85354706081797
1558.03,"2018-10-30_PC3_WT-TG",38,0.853421052631579,0.67,0.574391693814584,0.0931786368563076,0.664623200918002,1.04221890434516
1560.73,"2018-10-30_PC3+ORAI1mCh-TG",69,1.58231884057971,0.98,1.23443145394661,0.14860808365927,1.28577602667831,1.87886165448111
1563.03,"2018-10-30_PC3_WT-TG",38,0.831578947368421,0.67,0.509379730471363,0.0826323037722693,0.664149996262317,0.999007898474525
1565.73,"2018-10-30_PC3+ORAI1mCh-TG",69,1.50478260869565,0.92,1.15536168095136,0.139089201583937,1.22723442823752,1.78233078915378
1568.03,"2018-10-30_PC3_WT-TG",38,0.932894736842105,0.72,0.688126747810773,0.111628898947953,0.706713103137524,1.15907637054669
1570.73,"2018-10-30_PC3+ORAI1mCh-TG",69,1.53275362318841,0.95,1.15123065105791,0.138591884026091,1.25619782446601,1.8093094219108
1573.03,"2018-10-30_PC3_WT-TG",38,0.811315789473684,0.655,0.492045762827938,0.0798203629073182,0.649584371754628,0.973047207192741
1575.73,"2018-10-30_PC3+ORAI1mCh-TG",69,1.48115942028986,0.93,1.1035231496704,0.132848575772966,1.2160642147502,1.74625462582951
1578.03,"2018-10-30_PC3_WT-TG",38,0.969473684210526,0.735,0.672646838659807,0.109117726086509,0.748380170031168,1.19056719838988
1580.73,"2018-10-30_PC3+ORAI1mCh-TG",69,1.56753623188406,1.03,1.18955800713728,0.143205955484229,1.28177319691955,1.85329926684856
1583.03,"2018-10-30_PC3_WT-TG",38,0.773684210526316,0.63,0.479207798139814,0.0777377700311842,0.61617252679644,0.931195894256191
1585.73,"2018-10-30_PC3+ORAI1mCh-TG",69,1.46739130434783,0.94,1.09243071145727,0.131513203135877,1.20496079341736,1.72982181527829
1588.03,"2018-10-30_PC3_WT-TG",38,0.832894736842105,0.665,0.530893728332103,0.0861223350794428,0.658394310605671,1.00739516307854
1590.73,"2018-10-30_PC3+ORAI1mCh-TG",69,1.50057971014493,0.97,1.11405444483331,0.134116394725251,1.23295461127531,1.76820480901455
1593.03,"2018-10-30_PC3_WT-TG",38,0.922894736842105,0.725,0.615075947385875,0.0997784942882868,0.720724303742786,1.12506516994142
1595.73,"2018-10-30_PC3+ORAI1mCh-TG",69,1.5136231884058,0.95,1.16071982105235,0.139734245850949,1.23478784215345,1.79245853465814
1598.03,"2018-10-30_PC3_WT-TG",38,0.778421052631579,0.63,0.51651391920644,0.0837896220074886,0.608647152039947,0.94819495322321
1600.73,"2018-10-30_PC3+ORAI1mCh-TG",69,1.58376811594203,1.04,1.21034037683289,0.145707858789179,1.29301261066306,1.874523621221
1603.03,"2018-10-30_PC3_WT-TG",38,0.952894736842105,0.715,0.67745911572955,0.109898380511637,0.730219466550321,1.17557000713389
1605.73,"2018-10-30_PC3+ORAI1mCh-TG",69,1.50536231884058,0.96,1.14438730037743,0.137768041416457,1.2304504724501,1.78027416523106
1608.03,"2018-10-30_PC3_WT-TG",38,0.879473684210526,0.695,0.607933795152698,0.0986198842030885,0.679650818133425,1.07929655028763
1610.73,"2018-10-30_PC3+ORAI1mCh-TG",69,1.52173913043478,1,1.15365016172676,0.138883158882011,1.24460210178689,1.79887615908267
1613.03,"2018-10-30_PC3_WT-TG",38,0.978947368421053,0.705,0.875423571528367,0.142012455864699,0.691202800691745,1.26669193615036
1615.73,"2018-10-30_PC3+ORAI1mCh-TG",69,1.49782608695652,0.94,1.15805601505944,0.139413561294037,1.21963065677428,1.77602151713876
1618.03,"2018-10-30_PC3_WT-TG",38,0.886052631578947,0.685,0.614841396704057,0.0997404451433551,0.683959293370313,1.08814596978758
1620.73,"2018-10-30_PC3+ORAI1mCh-TG",69,1.37869565217391,0.88,1.03028396006304,0.124031613452773,1.13119442101379,1.62619688333404
1623.03,"2018-10-30_PC3_WT-TG",38,0.861315789473684,0.68,0.568735777025042,0.0922611259969109,0.674376991348165,1.0482545875992
1625.73,"2018-10-30_PC3+ORAI1mCh-TG",69,1.57840579710145,1.07,1.18535378584326,0.142699826717188,1.29365272636688,1.86315886783602
1628.03,"2018-10-30_PC3_WT-TG",38,0.94,0.725,0.681996274857069,0.1106344049132,0.715833402613164,1.16416659738684
1630.73,"2018-10-30_PC3+ORAI1mCh-TG",69,1.47782608695652,0.93,1.11606170708225,0.134358040703456,1.20971879104499,1.74593338286806
1633.03,"2018-10-30_PC3_WT-TG",38,0.922631578947368,0.705,0.681586718761475,0.11056796614134,0.698599599299328,1.14666355859541
1635.73,"2018-10-30_PC3+ORAI1mCh-TG",69,1.40246376811594,0.9,1.0381125488641,0.124974064794047,1.15308190458492,1.65184563164696
1638.03,"2018-10-30_PC3_WT-TG",38,0.832368421052632,0.65,0.650398772523551,0.105508613180474,0.618587664241701,1.04614917786356
1640.73,"2018-10-30_PC3+ORAI1mCh-TG",69,1.40275362318841,0.89,1.04113891831462,0.1253383968621,1.15264474633486,1.65286250004195
1643.03,"2018-10-30_PC3_WT-TG",38,0.87,0.685,0.592493585322785,0.096115151421923,0.675252204605998,1.064747795394
1645.73,"2018-10-30_PC3+ORAI1mCh-TG",69,1.46202898550725,0.97,1.11422035484346,0.134136367943358,1.19436403070143,1.72969394031306
1648.03,"2018-10-30_PC3_WT-TG",38,0.816842105263158,0.64,0.577296145197864,0.0936498010873085,0.627089584135878,1.00659462639044
1650.73,"2018-10-30_PC3+ORAI1mCh-TG",69,1.48898550724638,1.01,1.12558369815469,0.135504353721787,1.21859077932107,1.75938023517168
1653.03,"2018-10-30_PC3_WT-TG",38,0.877368421052632,0.675,0.69158917742195,0.112190579200044,0.650048715054633,1.10468812705063
1655.73,"2018-10-30_PC3+ORAI1mCh-TG",69,1.52666666666667,1,1.18707706606787,0.142907285277133,1.24149961882117,1.81183371451217
1658.03,"2018-10-30_PC3_WT-TG",38,0.897368421052632,0.71,0.655161148777696,0.106281172624381,0.682022310119216,1.11271453198605
1660.73,"2018-10-30_PC3+ORAI1mCh-TG",69,1.48536231884058,1,1.12718621525166,0.135697274109591,1.21458262427517,1.75614201340599
1663.03,"2018-10-30_PC3_WT-TG",38,0.822631578947368,0.645,0.611421402036034,0.0991856487480488,0.621662365013419,1.02360079288132
1665.73,"2018-10-30_PC3+ORAI1mCh-TG",69,1.45028985507246,0.94,1.10674266499183,0.133236159871459,1.18442123750595,1.71615847263898
1668.03,"2018-10-30_PC3_WT-TG",38,0.73,0.6,0.427683894381719,0.0693794891413414,0.589423802013004,0.870576197986996
1670.73,"2018-10-30_PC3+ORAI1mCh-TG",69,1.42246376811594,0.93,1.0640743088231,0.128099493414319,1.16684520887577,1.67808232735612
1673.03,"2018-10-30_PC3_WT-TG",38,0.841315789473684,0.665,0.558265513952169,0.0905626250416163,0.65781848118223,1.02481309776514
1675.73,"2018-10-30_PC3+ORAI1mCh-TG",69,1.48347826086957,0.99,1.13844556831693,0.137052740933547,1.20999377436937,1.75696274736976
1678.03,"2018-10-30_PC3_WT-TG",38,0.836842105263158,0.66,0.608592107058436,0.0987266764959846,0.636802857447081,1.03688135307923
1680.73,"2018-10-30_PC3+ORAI1mCh-TG",69,1.48115942028986,1,1.12436326586348,0.135357430939276,1.21105787221237,1.75126096836734
1683.03,"2018-10-30_PC3_WT-TG",38,0.83921052631579,0.675,0.523529506016601,0.084927700469899,0.667130659721286,1.01129039291029
1685.73,"2018-10-30_PC3+ORAI1mCh-TG",69,1.50565217391304,1.01,1.14842536475573,0.138254167241454,1.22977027854202,1.78153406928407
1688.03,"2018-10-30_PC3_WT-TG",38,0.880789473684211,0.68,0.580528098716777,0.0941740931801751,0.689974635869939,1.07160431149848
1690.73,"2018-10-30_PC3+ORAI1mCh-TG",69,1.46014492753623,0.95,1.10801291768009,0.13338908032497,1.19397116195575,1.72631869311671
1693.03,"2018-10-30_PC3_WT-TG",38,0.893684210526316,0.695,0.621738717402196,0.100859338309002,0.689323779418513,1.09804464163412
1695.73,"2018-10-30_PC3+ORAI1mCh-TG",69,1.48623188405797,1.03,1.09425384388213,0.131732682488132,1.22336340889899,1.74910035921695
1698.03,"2018-10-30_PC3_WT-TG",38,0.955789473684211,0.73,0.755815763261332,0.122609507229285,0.70735901424052,1.2042199331279
1700.73,"2018-10-30_PC3+ORAI1mCh-TG",69,1.41304347826087,0.9,1.05705237271863,0.127254151646068,1.15911177225568,1.66697518426606
1703.03,"2018-10-30_PC3_WT-TG",38,0.903157894736842,0.685,0.650762983644533,0.105567696026111,0.689257424709387,1.1170583647643
1705.73,"2018-10-30_PC3+ORAI1mCh-TG",69,1.40115942028986,0.88,1.05999519453945,0.127608425761447,1.14652077129422,1.65579806928549
1708.03,"2018-10-30_PC3_WT-TG",38,0.888947368421053,0.7,0.66159017882872,0.10732409901575,0.67148808789395,1.10640664894816
1710.73,"2018-10-30_PC3+ORAI1mCh-TG",69,1.46217391304348,0.96,1.09880131154392,0.132280133261977,1.1982130168738,1.72613480921315
1713.03,"2018-10-30_PC3_WT-TG",38,0.812368421052632,0.635,0.613326923142539,0.0994947650899406,0.610772877916542,1.01396396418872
1715.73,"2018-10-30_PC3+ORAI1mCh-TG",69,1.48942028985507,0.97,1.14980162490801,0.138419849493954,1.21320778069669,1.76563279901345
1718.03,"2018-10-30_PC3_WT-TG",38,0.968157894736842,0.715,0.696845615781061,0.113043286100745,0.739110440443469,1.19720534903021
1720.73,"2018-10-30_PC3+ORAI1mCh-TG",69,1.38565217391304,0.88,1.03841151066095,0.125010055565,1.13619849191677,1.63510585590932
1723.03,"2018-10-30_PC3_WT-TG",38,0.901052631578947,0.675,0.748290987892047,0.12138882747519,0.655095504252776,1.14700975890512
1725.73,"2018-10-30_PC3+ORAI1mCh-TG",69,1.42507246376812,0.94,1.06842052635766,0.128622716519913,1.16840982907652,1.68173509845971
1728.03,"2018-10-30_PC3_WT-TG",38,0.929210526315789,0.695,0.653391904991043,0.105994163382983,0.714445951344113,1.14397510128747
1730.73,"2018-10-30_PC3+ORAI1mCh-TG",69,1.45202898550725,0.97,1.0979346649775,0.132175801275754,1.18827628057463,1.71578169043986
1733.03,"2018-10-30_PC3_WT-TG",38,0.845263157894737,0.65,0.673168132253488,0.109202291074102,0.62399829877488,1.06652801701459
1735.73,"2018-10-30_PC3+ORAI1mCh-TG",69,1.53376811594203,1.05,1.16115827244796,0.139787029196246,1.25482744216404,1.81270878972001
1738.03,"2018-10-30_PC3_WT-TG",38,0.855,0.66,0.652847194571179,0.105905799684568,0.640414466888057,1.06958553311194
1740.73,"2018-10-30_PC3+ORAI1mCh-TG",69,1.43826086956522,0.97,1.06615989933325,0.128350569007071,1.18214129678026,1.69438044235017
1743.03,"2018-10-30_PC3_WT-TG",38,0.869736842105263,0.665,0.683960986883716,0.110953123290275,0.644924459944968,1.09454922426556
1745.73,"2018-10-30_PC3+ORAI1mCh-TG",69,1.48,0.97,1.14951908102783,0.138385835207904,1.20385536529266,1.75614463470734
1748.03,"2018-10-30_PC3_WT-TG",38,0.792368421052632,0.63,0.539481403684839,0.0875154399793731,0.61504529616775,0.969691545937514
1750.73,"2018-10-30_PC3+ORAI1mCh-TG",69,1.44260869565217,0.94,1.09242801913082,0.131512879017861,1.18017883148914,1.70503855981521
1753.03,"2018-10-30_PC3_WT-TG",38,0.890263157894737,0.685,0.622920266652141,0.101051010907464,0.685514361212561,1.09501195457691
1755.73,"2018-10-30_PC3+ORAI1mCh-TG",69,1.39550724637681,0.9,1.04505915429517,0.125810337814916,1.14445662601445,1.64655786673917
1758.03,"2018-10-30_PC3_WT-TG",38,0.812368421052632,0.64,0.553365302395024,0.089767705758975,0.630481772220382,0.994255069884881
1760.73,"2018-10-30_PC3+ORAI1mCh-TG",69,1.41173913043478,0.93,1.05527102250857,0.127039702281387,1.15823535147418,1.66524290939539
1763.03,"2018-10-30_PC3_WT-TG",38,0.867894736842105,0.68,0.613973139190328,0.0995995951755705,0.666086787776614,1.0697026859076
1765.73,"2018-10-30_PC3+ORAI1mCh-TG",69,1.43115942028985,0.95,1.08952841421777,0.131163807606792,1.16942611728246,1.69289272329725
1768.03,"2018-10-30_PC3_WT-TG",38,0.760789473684211,0.605,0.538377851733848,0.0873364202135918,0.583829077299488,0.937749870068933
1770.73,"2018-10-30_PC3+ORAI1mCh-TG",69,1.41492753623188,0.93,1.07868741477289,0.129858704640318,1.15579852564641,1.67405654681736
1773.03,"2018-10-30_PC3_WT-TG",38,0.81921052631579,0.655,0.564094019281276,0.0915081334591724,0.633797435994953,1.00462361663663
1775.73,"2018-10-30_PC3+ORAI1mCh-TG",69,1.46144927536232,0.99,1.10193182686845,0.132657003019919,1.19673634729948,1.72616220342516
1778.03,"2018-10-30_PC3_WT-TG",38,0.727894736842105,0.62,0.396376546983519,0.0643007667545709,0.597609007877001,0.858180465807209
1780.73,"2018-10-30_PC3+ORAI1mCh-TG",69,1.37782608695652,0.92,1.02823788384792,0.123785294822138,1.13081637697106,1.62483579694198
1783.03,"2018-10-30_PC3_WT-TG",38,0.717368421052632,0.61,0.39895596323083,0.0647192033238975,0.586234859064502,0.848501983040761
1785.73,"2018-10-30_PC3+ORAI1mCh-TG",69,1.46202898550725,1,1.08825897073389,0.13101098457004,1.2006006361217,1.7234573348928
1788.03,"2018-10-30_PC3_WT-TG",38,0.758684210526316,0.645,0.416998094834144,0.0676460235528153,0.621620347449712,0.89574807360292
1790.73,"2018-10-30_PC3+ORAI1mCh-TG",69,1.47768115942029,1.01,1.10643989885889,0.13319971111226,1.21188527422035,1.74347704462023
1793.03,"2018-10-30_PC3_WT-TG",38,0.758421052631579,0.64,0.430107003127597,0.0697725692856521,0.617048398618814,0.899793706644344
1795.73,"2018-10-30_PC3+ORAI1mCh-TG",69,1.37507246376812,0.93,1.02551511186905,0.123457511594703,1.12871683502925,1.62142809250699
1798.03,"2018-10-30_PC3_WT-TG",38,0.766315789473684,0.65,0.430897373199746,0.0699007842419753,0.62468334728277,0.907948231664598
1800.73,"2018-10-30_PC3+ORAI1mCh-TG",69,1.39144927536232,0.92,1.06329852396476,0.128006099892337,1.13601707999366,1.64688147073098
1803.03,"2018-10-30_PC3_WT-TG",38,0.748684210526316,0.635,0.423442590337252,0.0686914587718004,0.609502094488419,0.887866326564212
1805.73,"2018-10-30_PC3+ORAI1mCh-TG",69,1.44144927536232,0.97,1.07189123043767,0.129040540191393,1.18395288651547,1.69894566420917
1808.03,"2018-10-30_PC3_WT-TG",38,0.743157894736842,0.62,0.435412853248301,0.0706332918325395,0.600041251186815,0.886274538286869
1810.73,"2018-10-30_PC3+ORAI1mCh-TG",69,1.39594202898551,0.93,1.03513045333111,0.124615062679325,1.14727654302073,1.64460751495028
1813.03,"2018-10-30_PC3_WT-TG",38,0.740526315789474,0.63,0.417327063185628,0.0676993892663001,0.603354323506423,0.877698308072525
1815.73,"2018-10-30_PC3+ORAI1mCh-TG",69,1.41130434782609,0.94,1.06389809474885,0.128078279732665,1.15572811982857,1.6668805758236
1818.03,"2018-10-30_PC3_WT-TG",38,0.740789473684211,0.625,0.421749134983316,0.0684167440376633,0.602163982570106,0.879414964798316
1820.73,"2018-10-30_PC3+ORAI1mCh-TG",69,1.43942028985507,0.97,1.05475099383411,0.126977098185782,1.18604143542223,1.69279914428792
1823.03,"2018-10-30_PC3_WT-TG",38,0.754736842105263,0.64,0.432695741314749,0.0701925180733074,0.612513291024093,0.896960393186433
1825.73,"2018-10-30_PC3+ORAI1mCh-TG",69,1.38057971014493,0.9,1.04202981223296,0.125445647886469,1.13025681720439,1.63090260308546
1828.03,"2018-10-30_PC3_WT-TG",38,0.737105263157895,0.62,0.406799691027659,0.065991623994062,0.603393531998075,0.870816994317714
1830.73,"2018-10-30_PC3+ORAI1mCh-TG",69,1.39826086956522,0.91,1.07506081431503,0.129422113250397,1.14000306353406,1.65651867559638
1833.03,"2018-10-30_PC3_WT-TG",38,0.778421052631579,0.66,0.437996213211999,0.071052368157143,0.634455279791206,0.922386825471951
1835.73,"2018-10-30_PC3+ORAI1mCh-TG",69,1.36985507246377,0.9,1.01611210120564,0.122325522134414,1.12575829352361,1.61395185140393
1838.03,"2018-10-30_PC3_WT-TG",38,0.739210526315789,0.63,0.411282644832305,0.0667188551311152,0.604025284907193,0.874395767724386
1840.73,"2018-10-30_PC3+ORAI1mCh-TG",69,1.44942028985507,0.92,1.1146443432482,0.134187410149161,1.18165348191339,1.71718709779676
1843.03,"2018-10-30_PC3_WT-TG",38,0.708947368421053,0.6,0.384678099712335,0.0624030280132161,0.58250682339048,0.835387913451626
1845.73,"2018-10-30_PC3+ORAI1mCh-TG",69,1.38594202898551,0.9,1.03798067368467,0.12495818888807,1.13659184533162,1.63529221263939
1848.03,"2018-10-30_PC3_WT-TG",38,0.768947368421053,0.65,0.439242526578484,0.0712545468826283,0.624571942570917,0.913322794271188
1850.73,"2018-10-30_PC3+ORAI1mCh-TG",69,1.33159420289855,0.86,1.00712845022868,0.121244017647728,1.08965553256078,1.57353287323632
1853.03,"2018-10-30_PC3_WT-TG",38,0.723421052631579,0.605,0.409932600365115,0.0664998489990579,0.588679559797114,0.858162545466044
1855.73,"2018-10-30_PC3+ORAI1mCh-TG",69,1.3536231884058,0.86,1.04204263632779,0.125447191726065,1.10329721478131,1.60394916203028
1858.03,"2018-10-30_PC3_WT-TG",38,0.713421052631579,0.6,0.398953199963384,0.0647187550627255,0.582288398906858,0.8445537063563
1860.73,"2018-10-30_PC3+ORAI1mCh-TG",69,1.37072463768116,0.87,1.03900308390045,0.125081272614101,1.12112884427602,1.6203204310863
1863.03,"2018-10-30_PC3_WT-TG",38,0.764473684210526,0.64,0.43718199171896,0.070920283989427,0.620775539315265,0.908171829105787
1865.73,"2018-10-30_PC3+ORAI1mCh-TG",69,1.38521739130435,0.88,1.04237089579428,0.125486709521972,1.13481256114589,1.6356222214628
1868.03,"2018-10-30_PC3_WT-TG",38,0.711578947368421,0.6,0.394287083746948,0.0639618110589339,0.581980007879117,0.841177886857725
1870.73,"2018-10-30_PC3+ORAI1mCh-TG",69,1.40826086956522,0.88,1.0569058009694,0.127236506480999,1.15436437393871,1.66215736519172
1873.03,"2018-10-30_PC3_WT-TG",38,0.739473684210526,0.62,0.421528411843692,0.0683809380162771,0.600920742987085,0.878026625433967
1875.73,"2018-10-30_PC3+ORAI1mCh-TG",69,1.43159420289855,0.88,1.12313194341486,0.135209197135876,1.16178845077034,1.70139995502676
1878.03,"2018-10-30_PC3_WT-TG",38,0.750526315789474,0.63,0.428422293363598,0.0694992732735433,0.60970741209662,0.891345219482327
1880.73,"2018-10-30_PC3+ORAI1mCh-TG",69,1.33927536231884,0.84,1.0293134760043,0.123914780901456,1.09200726688505,1.58654345775263
1883.03,"2018-10-30_PC3_WT-TG",38,0.767368421052632,0.645,0.426707597906286,0.0692211129396518,0.627113123731822,0.907623718373441
1885.73,"2018-10-30_PC3+ORAI1mCh-TG",69,1.38594202898551,0.88,1.05066130273296,0.126484757233713,1.13354562562619,1.63833843234483
1888.03,"2018-10-30_PC3_WT-TG",38,0.740526315789474,0.63,0.413154950112274,0.0670225831544225,0.604725662949241,0.876326968629706
1890.73,"2018-10-30_PC3+ORAI1mCh-TG",69,1.40144927536232,0.88,1.08022230196098,0.130043483343846,1.14195154461476,1.66094700610988
1893.03,"2018-10-30_PC3_WT-TG",38,0.718421052631579,0.61,0.403649073676558,0.0654805263699271,0.585744903625654,0.851097201637504
1895.73,"2018-10-30_PC3+ORAI1mCh-TG",69,1.39724637681159,0.89,1.08129944165501,0.130173155724805,1.13748988885657,1.65700286476662
1900.73,"2018-10-30_PC3+ORAI1mCh-TG",69,1.3068115942029,0.85,0.976162192335859,0.117516118274427,1.07231183124404,1.54131135716175
1905.73,"2018-10-30_PC3+ORAI1mCh-TG",69,1.3395652173913,0.86,1.02888351078846,0.123863019172149,1.09240041088018,1.58673002390243
1910.73,"2018-10-30_PC3+ORAI1mCh-TG",69,1.29463768115942,0.84,0.983322069957312,0.118378066249875,1.05841792779505,1.53085743452379
1915.73,"2018-10-30_PC3+ORAI1mCh-TG",69,1.38246376811594,0.89,1.05033384860286,0.126445336388914,1.13014602782767,1.63478150840422
1920.73,"2018-10-30_PC3+ORAI1mCh-TG",69,1.30826086956522,0.85,0.985426089569946,0.118631360445852,1.07153567550227,1.54498606362817
1925.85,"2018-10-30_PC3+ORAI1mCh-TG",69,1.36942028985507,0.89,1.0319269297803,0.12422940376378,1.1215243742744,1.61731620543575
